scoring,cv_cycle,AdaBoostRegressor,CatBoostRegressor,CatBoostRegressor_opt,DummyRegressor,ElasticNetCV,ExtraTreesRegressor,GradientBoostingRegressor,KNeighborsRegressor,LinearRegression,MLPRegressor,RandomForestRegressor,Ridge,SVR,XGBRegressor
max_error,1,-1.8189397657003505,-2.300817222794813,-1.662003082904068,-5.704046789310184,-3.1741218815843935,-2.616167787409753,-1.7862988709284988,-4.213458812375158,-2.9520152695545994,-1.909668655170993,-2.535227763804124,-3.2079855498833822,-4.064582157069728,-2.0395786329908354
max_error,2,-1.330683118162116,-1.2708735216963785,-1.2993847632936673,-3.8775233303938497,-1.3093584876585225,-1.3612072864473213,-1.2880934921431284,-1.8903344844655954,-1.2875151298656191,-1.0809024927055204,-1.220446551307977,-1.322666467521123,-1.6597697176877166,-1.5094792918394013
max_error,3,-1.1331134410049428,-1.1957552819799868,-1.3421710371731204,-2.286225539488109,-1.3064077734967317,-0.8497662118390197,-1.0600541393350333,-1.2156608943852771,-1.6239458486778307,-1.1286715225487094,-1.1868429168290322,-1.2639404732644741,-1.0697786630613404,-1.150872894907338
max_error,4,-1.2428588824863234,-0.9501869643543732,-1.055124763762282,-3.390752618677188,-1.1714679575682259,-0.9269089207125054,-0.7731237815861269,-1.062727944899068,-1.2056829645284441,-0.8767255093695581,-0.9243600382210695,-1.1282843079013771,-1.2074755329876714,-0.9919233270672698
max_error,5,-1.314704536598252,-0.9927631944970847,-0.8139599622820899,-4.337538728689668,-2.113514648593154,-1.073313609940035,-1.185299304278315,-2.2279313695559013,-2.2147390442005794,-0.9783287999356337,-1.738493913190002,-1.8483167239741247,-2.0106672532419863,-2.0625258256553
max_error,6,-1.2874457482257426,-1.218000763218134,-1.1115425053029278,-5.670235082791125,-2.846638658759187,-1.2079362198959227,-1.0264059664329857,-2.9728292731758055,-2.3817844303484876,-1.2727263244396472,-1.773944187024985,-2.690138403849855,-3.3464271768592866,-1.1743814512891753
max_error,7,-1.2108587797870876,-1.2011594530316698,-1.2639084252533637,-5.178517560316773,-2.2196030760376626,-1.3072646100469139,-1.1634920630408396,-2.2206488481517965,-2.0662279329904445,-1.328869866319705,-1.5059734083589276,-2.4219943276365505,-2.912016119896786,-1.3667941846748823
max_error,8,-1.4178088690438342,-1.3353405269738894,-1.1863298883754942,-3.689975171793574,-2.4543587375266314,-1.1947496543534895,-1.0921636109034383,-3.262049408938841,-2.665168143189606,-1.2190452183732758,-1.6299583352638196,-2.10668006038303,-1.3705057772779634,-1.3738875564868738
max_error,9,-1.0731715607588008,-0.9194117542053836,-0.8793140976611369,-4.339004676232421,-1.319680235467227,-0.9644399149486619,-0.9505374277054865,-1.3483068199600503,-1.5575526895468828,-1.0459919828237378,-1.091806012505459,-1.378147442481868,-1.9572459319112605,-1.3305947397373927
max_error,10,-1.352116055486156,-1.0035062946660815,-0.8524024890323372,-3.615754914743662,-1.0147595543082644,-1.0745100241707088,-0.8826224156299047,-1.4180109533993428,-1.0628759623623916,-1.00257070673673,-1.2234896048946897,-1.037430418287144,-1.2928202623035083,-1.4236831603292053
max_error,11,-1.3441999659583526,-1.279328249479852,-1.2173763858944422,-1.7830674546772418,-2.4913009384292986,-1.349607270210783,-1.3470244474472246,-2.2279313695559013,-2.7901827418493306,-1.362995510218596,-1.728896590339592,-2.1987132858572362,-1.3892325997220079,-1.8569792081473655
max_error,12,-1.5213642370763556,-1.4321944200979835,-1.0138102609493327,-4.3636707326221424,-1.1123942824527195,-1.2642197067476508,-1.3083745848392152,-1.4315356360069673,-1.3082348912932709,-1.1858239733366842,-1.5577313283381038,-1.1627012612643672,-2.1240982968178512,-1.2981294030839035
max_error,13,-1.8901115501368992,-1.8667398409778242,-1.4866756981391545,-5.682661607409241,-3.198502455040564,-1.7929827786957153,-1.5104340106081793,-3.6823549299757707,-2.760835212791788,-1.6661511544780638,-2.159267596317193,-2.987448821278505,-3.5606789197901514,-1.756491856257437
max_error,14,-1.1093720642682203,-0.9186064790109122,-0.8717590169048456,-2.504531188114437,-1.646660691689561,-1.2153487863251007,-1.0096570969812144,-2.020379509538903,-1.5838659678932903,-1.4524861231184,-1.1603657497241064,-1.6462712945195574,-1.3535620954756338,-1.000370945432223
max_error,15,-1.8505809269040094,-2.014509110569554,-1.7280154619550485,-3.896923567215203,-1.4151229799297242,-2.0554656573036816,-1.8486586625315058,-2.6581203124984025,-1.3805323713859172,-1.3930417201484144,-2.1405151037016257,-1.4496490426592734,-2.406957732315033,-2.6430714939259303
max_error,16,-1.3572733142312066,-0.8738163732431375,-0.8099534596790436,-3.6003376009162467,-1.2546436158664354,-1.1853083855331668,-1.061567347500475,-0.9925036313594817,-1.3318715643535362,-0.6447831648287032,-1.196544275699501,-1.1525929459415338,-1.2152710075103892,-0.9938666519791483
max_error,17,-1.416376101655565,-1.1200318980952195,-0.8829787063854095,-4.353102803569344,-2.2219692479231545,-1.3789454278673219,-1.5659426111467853,-2.2279313695559013,-2.4979223019717907,-1.2474027098890237,-1.775972889416129,-2.0467047963190725,-2.0613495581914307,-2.216046528971035
max_error,18,-2.4448464713781792,-1.7671156685250207,-1.548120848598887,-5.6788084214811425,-2.989725981018756,-1.860840272778968,-1.7235950737040082,-3.7328123997042137,-2.795795314430723,-1.8382584805733941,-2.4189415023835754,-3.09116108984915,-3.6648868651694477,-1.6590106054944975
max_error,19,-1.2109486746532099,-1.1006151455397872,-1.0847726747130715,-3.879738912302506,-1.2298973673767029,-1.2114994535829309,-1.6040008807795179,-1.4461006788151773,-1.2900415243564707,-0.8753436646046804,-1.227547009676977,-1.2487408895867134,-1.1186100466427895,-1.1144943891266759
max_error,20,-1.0006964679391004,-1.0352349366271374,-0.9748653619561637,-3.4105382110464593,-1.5391150064336596,-1.085823941352086,-1.1046059978506673,-1.4481813992163504,-1.494486343732286,-1.1821752815383375,-1.0801279692538757,-1.5727402347806885,-1.27389704009762,-0.9127086853327582
max_error,21,-1.5537379457220073,-1.230839679134669,-1.6390058510327978,-5.658516864409791,-2.44575185028788,-1.111364784276481,-1.3942509782625883,-2.7980487594772807,-2.5426382280598543,-1.2563351640011866,-2.082384977493856,-2.620573658372734,-3.313534608444663,-1.5542987157462425
max_error,22,-1.4694851387783596,-1.3589817484257147,-0.9637080170956728,-3.725396150082604,-1.0138271248883801,-1.1601316686789747,-1.0871629162107759,-1.286405388025156,-0.9140456607339715,-0.9083915390317446,-1.1897819343956888,-1.0239642067246826,-1.3761564867457006,-1.158083739391451
max_error,23,-1.432922782941083,-1.1910985162896743,-1.0926971627784556,-4.358842917312232,-1.5561667092350207,-1.215790939410351,-1.1125139903001606,-2.0058144667306927,-1.5531110201354994,-1.2947881964604784,-1.139038365612084,-1.5674743708070915,-2.2684014162603976,-1.605985653943287
max_error,24,-1.3701620715630125,-1.122881551841515,-0.8700643434612433,-5.156129416784545,-2.3647099072879745,-1.1316778171929407,-1.1183368603715502,-2.2242901088538494,-2.1728678528986745,-1.2396171336102988,-1.4792361512038594,-2.4683449514585303,-3.0145002240181036,-1.2156139699462478
max_error,25,-0.9693231056401643,-0.9588683117324561,-1.0067545752803715,-3.001642727426831,-1.2776392143321582,-1.3123103570197578,-0.900468029298624,-1.1823693679665104,-1.1513985711266497,-0.8212557253461126,-1.3940826687858547,-1.2686871323404565,-1.1464916448200246,-1.380756300710967
max_error,mean,-1.4049240630439732,-1.2663470762803302,-1.1462679535945772,-4.1257393195122605,-1.8674935353276796,-1.3163032594696096,-1.2361873823926501,-2.127869525463496,-1.8634134792911174,-1.208494024784305,-1.5424390737496845,-1.8364540862777008,-2.0871566853727397,-1.4715851684986734
max_error,median,-1.352116055486156,-1.1957552819799868,-1.0847726747130715,-3.896923567215203,-1.5561667092350207,-1.2114994535829309,-1.1183368603715502,-2.020379509538903,-1.5838659678932903,-1.2190452183732758,-1.4792361512038594,-1.5727402347806885,-1.9572459319112605,-1.3738875564868738
max_error,std,0.315671852921822,0.35537678608995943,0.27748100458503333,1.0837217083983517,0.7027793844403182,0.3799350747784417,0.2875845804964433,0.8850856427843177,0.6381839494593967,0.2946587842952186,0.43738876394324583,0.6821576417201248,0.9224342011211606,0.4217021015590199
neg_mean_absolute_error,1,-0.28711362659875184,-0.20079742389344082,-0.19092408736544406,-0.8058312595454722,-0.33541506306591795,-0.19699423946839498,-0.21991237194509358,-0.34031539152749046,-0.3322127047668141,-0.21624489008260417,-0.22082617768069876,-0.33828366131225507,-0.28566313856782566,-0.23092413282765803
neg_mean_absolute_error,2,-0.2924308650704471,-0.17585976880786933,-0.18253526305883158,-0.8155234510854814,-0.31747332367978015,-0.17485379124308814,-0.1841675804912875,-0.2751797963603383,-0.34521897376177807,-0.2150128462034083,-0.2017167962832745,-0.3001441097122271,-0.23111811117426737,-0.18426920862307175
neg_mean_absolute_error,3,-0.2891134263710355,-0.15540275587152172,-0.16794724286386709,-0.610370963047623,-0.30991897211740077,-0.17527491095906467,-0.16155278783740326,-0.2303900280724812,-0.31649502575823474,-0.19484032325778552,-0.18279219190408477,-0.30272026596135937,-0.18578238721719997,-0.1768728179516982
neg_mean_absolute_error,4,-0.2621300554727756,-0.12271752159470346,-0.1399499488549148,-0.7444539495890583,-0.22345231391116788,-0.12109657035669792,-0.1345124022845149,-0.17625963450544585,-0.22439662159405863,-0.13628773415842133,-0.1324215696358645,-0.22173073924406422,-0.14265278395801037,-0.13140942310177173
neg_mean_absolute_error,5,-0.27415317933179234,-0.15796275296663498,-0.1669315082852402,-0.8507722107911807,-0.2334981718246403,-0.13922369420264805,-0.1497062017929013,-0.25812340432883946,-0.23963849037924131,-0.1920234645721927,-0.15989127092429847,-0.23517998989492,-0.20780512639254517,-0.15890485140184274
neg_mean_absolute_error,6,-0.24955506562225713,-0.15988420273524165,-0.16692384015931613,-0.7404458478481991,-0.2881956306970969,-0.1480742411842096,-0.1548852289059083,-0.2727236416259103,-0.2947035616829949,-0.19904987367668536,-0.19795544182763244,-0.2876858766072483,-0.22239166462286586,-0.15753544471769643
neg_mean_absolute_error,7,-0.27265384837481393,-0.1540998933115367,-0.1543513080454343,-0.7317792344655738,-0.3034582036313768,-0.1596188469318045,-0.16115151863975422,-0.2599407810743566,-0.31193298979982537,-0.1917761389010659,-0.1930379305577735,-0.2982763918116435,-0.20358369438641885,-0.1775022608191587
neg_mean_absolute_error,8,-0.2850942620762268,-0.16623873385156226,-0.1631331302838429,-0.8148416047060312,-0.279883480589936,-0.1566660332842269,-0.16999560377546713,-0.24944671296409324,-0.29101173974635614,-0.17918061747362415,-0.1720640427486894,-0.26938946897901433,-0.20161279756648376,-0.18074268490954143
neg_mean_absolute_error,9,-0.28190841373806386,-0.1451184457340211,-0.14912091646882097,-0.8161925849077777,-0.2566499255574374,-0.1539735358520569,-0.14547884241470252,-0.21392067376667562,-0.25434096726208805,-0.16920972638604856,-0.16838953575327026,-0.25783422010196455,-0.1991940733268785,-0.16223342863260581
neg_mean_absolute_error,10,-0.2519432495641256,-0.12375998608162307,-0.1318106529406822,-0.7154721168442589,-0.26040062560344834,-0.13161971062252836,-0.1376538876623368,-0.19201033877490434,-0.2696284520742495,-0.1737087207397839,-0.14199707547421153,-0.2568760253700021,-0.1793473773884424,-0.15048545244722683
neg_mean_absolute_error,11,-0.22558904650876876,-0.1331600511620668,-0.13869934634894368,-0.6689407688120779,-0.2647325248277827,-0.13706813492304895,-0.14585791886426722,-0.21733124590251124,-0.28115698076067314,-0.17255911240470276,-0.1599325381488073,-0.25168540538391704,-0.17331926513867976,-0.1620544784141009
neg_mean_absolute_error,12,-0.25399459217991177,-0.1547879516872526,-0.15562028885943263,-0.7232712816799878,-0.266914427866943,-0.1460064122029136,-0.17764247749086282,-0.2019248683233918,-0.2881984078095143,-0.2090845573701255,-0.16992813802383328,-0.27191475343285026,-0.19309370233424436,-0.1843156405966047
neg_mean_absolute_error,13,-0.32164549874094417,-0.20427597407305523,-0.22409165322108698,-0.855633736939616,-0.2999029476144857,-0.2159713141881359,-0.2363390230061874,-0.32012335702567335,-0.31078981964334085,-0.22533371185865408,-0.25280911189933636,-0.29921822825637756,-0.25578844789207367,-0.22720599773904693
neg_mean_absolute_error,14,-0.2751423803661702,-0.1447824341089671,-0.147220888931684,-0.7754313964179631,-0.2773603853708363,-0.15280086897378722,-0.15561694112350832,-0.23189628871072165,-0.29763685408840146,-0.19548137442124544,-0.17045736473456635,-0.2745903491440439,-0.2047302344673607,-0.15509881181304444
neg_mean_absolute_error,15,-0.3272219308720585,-0.2117411605679635,-0.1958643108368051,-0.8091999607659345,-0.2959030312126764,-0.21257479207316338,-0.20657882672015074,-0.2993134549020585,-0.2932896853177348,-0.19496595529938235,-0.2397179265959642,-0.29983170935171544,-0.24937264378070334,-0.25828605969049806
neg_mean_absolute_error,16,-0.24763633356937628,-0.11932107726398554,-0.13263761842972824,-0.7203337940548024,-0.24350544640376132,-0.12912272313896142,-0.1277583114855604,-0.183085302082337,-0.24172414949908835,-0.16942148610070396,-0.16055449261654925,-0.2435031776432381,-0.16540795845207176,-0.14486037420678116
neg_mean_absolute_error,17,-0.2770627421242181,-0.1493025166467022,-0.1591074940159927,-0.7932870205899873,-0.275075492991037,-0.13986783468893155,-0.14251490006611303,-0.27847728586567544,-0.2877870451654286,-0.17914145927298722,-0.153898448985406,-0.27494878611814644,-0.21091476264646028,-0.1567823681243544
neg_mean_absolute_error,18,-0.35130011206160583,-0.22151533722796266,-0.21265355666411495,-0.8490607536092272,-0.31618517811946,-0.23009239458900912,-0.2323098912486064,-0.31372288013945665,-0.32557020622695404,-0.21494154421688416,-0.2612575152238816,-0.3175295144426673,-0.274793070095739,-0.23628459932311974
neg_mean_absolute_error,19,-0.26311198213376547,-0.13196242747237918,-0.14205666738372724,-0.7510081104511029,-0.24698295413077748,-0.151202106743799,-0.17107324168430652,-0.2248489791780534,-0.25678754150897404,-0.156022837990637,-0.18580787949421956,-0.24473542681986574,-0.18650704578996335,-0.1884033472903889
neg_mean_absolute_error,20,-0.26778899917369536,-0.13790066480960808,-0.14189142323016915,-0.7030644723963226,-0.26521287941648697,-0.14547498137283874,-0.13581495494352475,-0.22004530839070782,-0.2780678180295876,-0.18640329288815854,-0.14539056618112448,-0.2589842496022077,-0.1758790294459854,-0.15956485023362957
neg_mean_absolute_error,21,-0.2845961579470831,-0.1572218958220869,-0.16645469506898306,-0.7558352359323313,-0.3027817276420125,-0.16254271142597437,-0.18662970134256548,-0.24073030380526664,-0.30724007022439903,-0.19072711321595084,-0.22344743305565465,-0.2996928448722962,-0.2070956227740262,-0.19821312993859752
neg_mean_absolute_error,22,-0.27656284931463737,-0.2031614535871954,-0.18781078690054806,-0.7424179695053114,-0.2802515954078763,-0.18623126086280606,-0.17449614175788217,-0.2574167767616295,-0.2864938075642365,-0.20598536756052793,-0.22914973778117342,-0.2825659044627076,-0.2272942890807943,-0.21388106457399383
neg_mean_absolute_error,23,-0.2444331853172783,-0.13443308611013693,-0.14094332382716476,-0.8143915407639946,-0.24640665749622986,-0.15308176622794537,-0.13534935029531872,-0.24918436126133667,-0.27052869923339506,-0.1823146372648999,-0.1434986917889783,-0.24781682604784927,-0.21805826743365808,-0.1531084484093391
neg_mean_absolute_error,24,-0.2706112756974641,-0.14721513680223147,-0.15036541856240457,-0.8034810132232418,-0.23925061963171745,-0.14555792649035654,-0.15720222783179555,-0.22852190301664557,-0.23771720074408337,-0.16403015544244548,-0.18089443919905857,-0.24150130592889185,-0.18787373563946755,-0.15404717181729896
neg_mean_absolute_error,25,-0.24802946913668925,-0.1254978906445997,-0.13906292513497423,-0.6995608947566665,-0.26155703405774877,-0.1268345099981642,-0.1328274077396629,-0.17981804730136475,-0.26856923698128726,-0.14355539528018857,-0.1476681793132416,-0.24985203806214534,-0.153185336382717,-0.13809622843982777
neg_mean_absolute_error,mean,-0.27523290189455824,-0.1575248217133739,-0.16192433182968613,-0.7644240469091689,-0.27561474451472134,-0.15967301248018223,-0.16548110965398727,-0.2445900306266946,-0.28444548198490954,-0.18629209344156453,-0.18382017983326374,-0.27305965074254474,-0.2056985826381953,-0.17764329104171594
neg_mean_absolute_error,median,-0.27415317933179234,-0.1540998933115367,-0.15562028885943263,-0.7558352359323313,-0.275075492991037,-0.15280086897378722,-0.15720222783179555,-0.24073030380526664,-0.2877870451654286,-0.19072711321595084,-0.1720640427486894,-0.27191475343285026,-0.20358369438641885,-0.16223342863260581
neg_mean_absolute_error,std,0.027186872513786046,0.029058027141041266,0.024330100767245573,0.05969938276468586,0.028621094265765167,0.02831367999926896,0.030397646483402117,0.043215789564763726,0.030399295506725005,0.02211976288039378,0.03556516619798692,0.028271588514622654,0.03432555498928182,0.03247572654913387
neg_mean_absolute_percentage_error,1,-0.8042252519793401,-0.4941523820133646,-0.6002828527063101,-1.0516620950812636,-0.9798303860629687,-0.48161831327599547,-0.5530789442475182,-0.8094030482722541,-0.9479898718158121,-0.6893444366801075,-0.5468694952822867,-0.9827059934034226,-0.5750581480854333,-0.5554899498781173
neg_mean_absolute_percentage_error,2,-1.0130002236845692,-0.5263842084643806,-0.6940350982723266,-0.996713331810971,-1.5498279977221225,-0.8117697726955315,-0.6106659507447972,-1.5660265087800993,-1.5973119355039975,-1.1908767664378466,-0.8221676185572451,-1.5130760859455572,-1.1986850841838514,-0.6892299313813949
neg_mean_absolute_percentage_error,3,-1.3602570926677389,-0.5633089149395436,-0.7280577093977835,-0.981424602555767,-1.80422758434744,-0.7282454915577771,-0.562115718013274,-1.3183212439374035,-1.7497581250889434,-0.8499300231098855,-0.7677430578821848,-1.9248341577620216,-0.7425893313350316,-0.7152054451328884
neg_mean_absolute_percentage_error,4,-6.397182242470198,-0.8409430197547267,-1.3692771535487314,-1.2361313302096932,-2.9868010373460727,-1.0286554680541535,-0.45363643540147575,-2.360655451048469,-3.263805511774609,-2.5938149680231994,-1.3734492977991024,-2.7529389847030745,-0.8482640287914279,-1.0219177935921218
neg_mean_absolute_percentage_error,5,-1.329304551992837,-0.39458789830787677,-0.6029087945573093,-1.018525763931774,-1.3039187280032274,-0.3152844759540162,-0.44579337115130296,-0.632132031553872,-1.347833230860932,-0.6282424720841536,-0.3534519997723732,-1.2296251278222077,-0.4645627327890572,-0.44543737959931917
neg_mean_absolute_percentage_error,6,-0.6858099082305267,-0.39995993662311696,-0.4640636938928364,-1.036066087366892,-0.9345290490097143,-0.4296085438448706,-0.41563228057315305,-0.9599093596263647,-0.9584928861922193,-0.7039382912321387,-0.5774567338752483,-0.9428587365022645,-0.5649864233905504,-0.4714823347641581
neg_mean_absolute_percentage_error,7,-1.058184688680814,-0.40795233931553815,-0.4021100070556526,-1.020905509534313,-1.9718953567785547,-0.46280772841842155,-0.48304955345857786,-1.1061749674201868,-2.1948650669835117,-0.7995997328536011,-0.6022119431192692,-1.8242648424141414,-0.6147339882188132,-0.6399546629225938
neg_mean_absolute_percentage_error,8,-0.8380858824005117,-0.9052674024704777,-1.0648055990938377,-1.1840331004881115,-1.6223277696678235,-0.975308308672496,-1.7878782144264624,-2.2148945728964784,-1.8136204712432058,-1.0943003972157128,-1.4337419509682285,-1.0671975234661968,-0.776448303212833,-0.9843115714761866
neg_mean_absolute_percentage_error,9,-0.98918498942121,-0.430485096103204,-0.48803679422569995,-1.010946323950773,-0.71911634185986,-0.4376649337433768,-0.46318499990505885,-0.5478270816313846,-0.7400135010722138,-0.48645792065940185,-0.5018137808797344,-0.720892190021296,-0.44751413157893805,-0.4550333861425464
neg_mean_absolute_percentage_error,10,-1.6425479708551742,-0.608062610603035,-0.7704911058132349,-1.0175857360825873,-3.0359597677759798,-0.8111859771210278,-0.7339412841134488,-1.8508333369883605,-2.7424674405751337,-1.2627164075496686,-0.8080978813547405,-2.9447996685984332,-1.6469445370784557,-0.6231897228303646
neg_mean_absolute_percentage_error,11,-0.7124247487485694,-0.46393712743429094,-0.5192982357186462,-1.0547619739058567,-0.9704470573178192,-0.466637232657545,-0.5570921543084926,-0.7315147086916115,-1.0222141941079277,-0.6234710091938794,-0.597587184013877,-0.9181892003895313,-0.548219476979711,-0.5323485187439996
neg_mean_absolute_percentage_error,12,-0.8843643463116596,-0.41097541705897533,-0.460947065411483,-1.0175395825790485,-0.9420487159105843,-0.39319648627504084,-0.5381815004037734,-0.7292064066119865,-1.0302345321263486,-0.7068427555546891,-0.5240323554922384,-0.9429428211450772,-0.5351706772451122,-0.45466129371362907
neg_mean_absolute_percentage_error,13,-0.9179224211939917,-0.6430582390810731,-1.1653117266707451,-1.6508663066839127,-5.034757274814978,-1.6914619413346432,-2.601657093577648,-3.1663073755590947,-6.030871676817629,-1.5453045718675626,-0.9010576094180772,-4.78525318470065,-1.1520261039727369,-1.0373590086560542
neg_mean_absolute_percentage_error,14,-0.8013236141504868,-0.3382805917307099,-0.4009755879422961,-1.0000413832486679,-0.9051752878031046,-0.40090262838199503,-0.36450055022367595,-0.7873174221060152,-0.8544548859307893,-0.5833696792749803,-0.44959021193312976,-0.901031266837876,-0.5048745578727701,-0.3995645537515211
neg_mean_absolute_percentage_error,15,-2.256643084383771,-0.5351705317852307,-0.8138891574530553,-1.0444709141616069,-1.9801494155652812,-0.5688645957158173,-0.5299889619948345,-1.1480689170722729,-2.137079499881186,-0.8445599448821016,-0.7195792943573472,-1.9459110929167374,-0.6957910563838259,-0.6240510327577908
neg_mean_absolute_percentage_error,16,-0.7392655840145916,-0.3053154591749078,-0.37601415157668555,-1.0017729414442,-1.0500525334582491,-0.4099056753809051,-0.4019168803237059,-0.9179873213636595,-1.0298399302575285,-0.7303431961228084,-0.5337180140414517,-1.0612479008991227,-0.6311891879648058,-0.44438743578989304
neg_mean_absolute_percentage_error,17,-0.7736439524936536,-0.31166674996797256,-0.43112813277239337,-1.0005894285515304,-1.0641913901741253,-0.3409474437795027,-0.3559516496348138,-0.8541738141423493,-1.0607212744694128,-0.5558828581453032,-0.405493090875948,-1.0542213544681598,-0.5070735250565277,-0.35426301017788653
neg_mean_absolute_percentage_error,18,-2.5466668712556073,-0.6493457809933737,-0.8290775162682983,-1.2177884188534234,-2.28195386833707,-1.223289323235905,-0.8095283817798197,-1.3953055640732785,-2.392837605712118,-0.9091341610528527,-0.9399090567530474,-2.301957827678809,-1.4099745704833875,-0.7482660126831301
neg_mean_absolute_percentage_error,19,-0.8164521397768698,-0.4914978692367242,-0.531626741905377,-1.0000029128474872,-0.7227378792142752,-0.5370072799479344,-0.5982345138126853,-0.8496751257150248,-0.693823574430104,-0.5482733089285027,-0.6211230752542225,-0.7075246713929125,-0.568709003313888,-0.6220971556437765
neg_mean_absolute_percentage_error,20,-1.4500031325525602,-1.7179013566919297,-1.2283335898914014,-1.0097719540235797,-3.6900279108692837,-0.9407909113468677,-1.822087047086069,-2.4249513501587283,-3.998153544689175,-0.8441802164338796,-0.8845876296195325,-3.3355948319233106,-1.3503742546716426,-1.59558338476234
neg_mean_absolute_percentage_error,21,-1.6872071913743283,-0.7400779585716525,-0.5829778135509721,-1.0723418827807754,-1.799690269129659,-0.9113138518598862,-0.8641680731219586,-1.7119242934907848,-1.6099884092063985,-1.251949839711132,-1.081099308009064,-2.1193284616448267,-1.1400241993344706,-0.7191755671264836
neg_mean_absolute_percentage_error,22,-0.6711828731480532,-0.523491856371859,-0.4997417577576616,-0.9989487795519492,-0.8163052857385891,-0.5025634117084933,-0.4383575830855145,-0.723509544931422,-0.8129735396405835,-0.5076550635969311,-0.6472888422231445,-0.8162776135562259,-0.5854485687413267,-0.6342104936032541
neg_mean_absolute_percentage_error,23,-2.90528185751232,-0.4373109728528637,-1.4595768515436902,-1.1242045792083022,-3.7743605034209287,-0.9963322619668508,-0.7380657819081236,-2.4765306401014358,-3.4389764653106116,-0.848317593049965,-0.5876868727038873,-3.1676200454893073,-0.725309340229701,-0.5632588811952082
neg_mean_absolute_percentage_error,24,-0.8326258011157783,-0.3740544512135822,-0.4171908040519921,-1.000475213182913,-0.9354706549341033,-0.38285451545406446,-0.4001672142566337,-0.7943921239564247,-0.9504236392478471,-0.5320806820337435,-0.4224872073783661,-0.920967381979345,-0.5076376215604089,-0.40031123992280415
neg_mean_absolute_percentage_error,25,-0.704682681431853,-0.32744799932109836,-0.3867767880340731,-0.9995753330030581,-1.0351515474514918,-0.4039454417565015,-0.3469525240427074,-0.5269832158355752,-1.1290503760025823,-0.4434928967258808,-0.47001318671762843,-0.9567879823301183,-0.3539510943761181,-0.3160801716232669
neg_mean_absolute_percentage_error,mean,-1.3926989240738807,-0.5536254468032603,-0.6914773891644996,-1.0698858194015384,-1.7564381445085322,-0.6660864805655848,-0.715033066463821,-1.3041610170385818,-1.8219120475576327,-0.8709631676967972,-0.7028902679312552,-1.6735219579196248,-0.7638223978740329,-0.6418747975148291
neg_mean_absolute_percentage_error,median,-0.9179224211939917,-0.4914978692367242,-0.5829778135509721,-1.0175857360825873,-1.3039187280032274,-0.5025634117084933,-0.5381815004037734,-0.9599093596263647,-1.347833230860932,-0.7303431961228084,-0.6022119431192692,-1.0671975234661968,-0.6147339882188132,-0.6220971556437765
neg_mean_absolute_percentage_error,std,1.1813045795041281,0.2830760542403495,0.31702649551513035,0.13713700271351553,1.1106129357832728,0.33129834225684873,0.5344647669481445,0.7133407916895378,1.2409894018743555,0.4460493795670821,0.27408319511471774,1.0184151422063081,0.3392045821424798,0.2728991066809745
neg_mean_squared_error,1,-0.1808001204067298,-0.15502218220451588,-0.11321689955205815,-1.443335357146492,-0.323651977416335,-0.1547896622703812,-0.1724543588424723,-0.462936349762692,-0.3003741504588957,-0.12796136415566134,-0.18283297708670504,-0.33291313193098326,-0.4047602716784473,-0.17613482661807353
neg_mean_squared_error,2,-0.14820044313390235,-0.08715737859895381,-0.09565449166696766,-1.1506917920630635,-0.19134687421254645,-0.10354371140422376,-0.09387328847864146,-0.21149056828081728,-0.22024203919758203,-0.10307266908084528,-0.12665264186523062,-0.17960156697954255,-0.15391258256891205,-0.10404457358869054
neg_mean_squared_error,3,-0.12662403666010488,-0.06303033730836263,-0.06923141285302387,-0.6146097902554846,-0.1754759095774359,-0.0703732371786232,-0.06738989382553766,-0.11261039781366704,-0.19000233735983643,-0.08537959057215709,-0.08464682695606286,-0.1672309978678207,-0.07357103357529332,-0.08157604047997409
neg_mean_squared_error,4,-0.10442925031242205,-0.04115973478286013,-0.04518749675011651,-0.9466663466432051,-0.09463486195078073,-0.037820970453050946,-0.03821205802789542,-0.067125558269237,-0.09570985534572071,-0.0392531929557443,-0.04464770963021202,-0.09259435047453102,-0.04589053544343462,-0.04334196175390447
neg_mean_squared_error,5,-0.12937192892717628,-0.06640610623292688,-0.06478770169931042,-1.1100957004693395,-0.12076516186748781,-0.056835303352113196,-0.062425553806323184,-0.1785597693798515,-0.12328293260929997,-0.07421610018181135,-0.09039680620356023,-0.11624379026079784,-0.11971793501291172,-0.09358270241263747
neg_mean_squared_error,6,-0.11353785527978738,-0.06870979103220164,-0.06670252651346001,-1.1432265490424742,-0.20486356173449538,-0.06809166467868562,-0.06229995023191703,-0.22212503414287973,-0.18426526666215462,-0.08800872652141561,-0.12335402329559046,-0.19719353271195283,-0.18819136622799082,-0.06660644993377346
neg_mean_squared_error,7,-0.1255319264257927,-0.07263023040688953,-0.07307626951577224,-0.9641376732929914,-0.18447307627864218,-0.08055919598888915,-0.07545165042351507,-0.18778610817388658,-0.19505431834839415,-0.09468672371111271,-0.11139910255372348,-0.183797067224186,-0.14946232021996428,-0.0857443158614477
neg_mean_squared_error,8,-0.14097633842534776,-0.0922543973973577,-0.07676821762632981,-1.0961387878287423,-0.18792069634258254,-0.08537321319097424,-0.08538220390801919,-0.2215564760309194,-0.21036018251829172,-0.07473720684870656,-0.10097387335566187,-0.16485741411244592,-0.09956285976729341,-0.10374828145145756
neg_mean_squared_error,9,-0.11679057117288238,-0.049489651278708226,-0.050113734783206874,-1.1643140108783558,-0.1372096905730053,-0.05609171072753921,-0.04655793613463853,-0.11503816622224196,-0.12713475839880117,-0.06712520212579749,-0.06883282019984605,-0.13631555796886788,-0.11214388233966492,-0.06605424573345589
neg_mean_squared_error,10,-0.11239230885066921,-0.03724790330017966,-0.04151173346037177,-0.8674960848231131,-0.11175979827998929,-0.04924409417388628,-0.042473807273188266,-0.10315648510042558,-0.11932765061528473,-0.058424994876972385,-0.063579135915732,-0.11122246293313522,-0.07529670424045125,-0.0638283284314972
neg_mean_squared_error,11,-0.10206893813921175,-0.05771762329561686,-0.05678152138211273,-0.6629073687762321,-0.16768575939093677,-0.07140573577936464,-0.06661955793819775,-0.14033416692641645,-0.18992899468885135,-0.07423727830892338,-0.08997792025871428,-0.1478805167875448,-0.08224881259822954,-0.10777534408691958
neg_mean_squared_error,12,-0.11826459766219324,-0.07730371755587503,-0.06465227736921886,-0.9761224320260824,-0.1325243484933547,-0.06757810726055229,-0.09002317814798713,-0.1116620691981239,-0.15550137969918393,-0.0904831861825002,-0.0854184602348377,-0.13904596489360418,-0.11509345910767999,-0.10133679451771867
neg_mean_squared_error,13,-0.20247913343102872,-0.13118292451378918,-0.13717044472515658,-1.3911036955740923,-0.2755077341742032,-0.14650260403669307,-0.1422854576806908,-0.34634516046235825,-0.24345191416358994,-0.13693334914349203,-0.19221938995206359,-0.25672605938292875,-0.28484592639209927,-0.15855808858196951
neg_mean_squared_error,14,-0.11584358983171715,-0.050840331823554255,-0.049264737092927224,-0.9065526881823509,-0.13833376040252943,-0.06477751070181136,-0.05391581309596533,-0.15740532906087507,-0.1641917481290282,-0.08799668424536475,-0.07315708524592292,-0.13786340935347494,-0.10590188082901002,-0.05915777850119597
neg_mean_squared_error,15,-0.2317859062623077,-0.19354734289296455,-0.1477565453057227,-1.3371405903201925,-0.1966174887521938,-0.1893312627043206,-0.181451408545039,-0.30304951439119676,-0.18625075975970953,-0.10394654915201872,-0.2472164604698934,-0.20054669043978493,-0.24359343568156866,-0.3288754237101916
neg_mean_squared_error,16,-0.11193068044600202,-0.036678037465027256,-0.04391950878076336,-0.8908948092277326,-0.10876100594073167,-0.048112330595658274,-0.0398195653738867,-0.0785781390616026,-0.11269270122765859,-0.055568228553361534,-0.08218612472155881,-0.10646452992769907,-0.06358405074022327,-0.061386775002603526
neg_mean_squared_error,17,-0.1446813864068375,-0.06327739256270405,-0.05803183852998996,-1.0564432879172145,-0.1573260149336664,-0.06354165081755844,-0.061408126267619115,-0.18852888217790764,-0.1799247179370783,-0.06981806656899911,-0.07703239955344147,-0.15276266044795378,-0.13388786063414448,-0.09974274525249814
neg_mean_squared_error,18,-0.26835795431365644,-0.15686539293153284,-0.13509548304909882,-1.5391381912820474,-0.2864643670879645,-0.16915772813997174,-0.1591619952990533,-0.3924489203044494,-0.2748670705242448,-0.12846088253734111,-0.23372597900727118,-0.3022541860218017,-0.33186271055628985,-0.16296503205203539
neg_mean_squared_error,19,-0.1220999490635935,-0.05225893808165421,-0.05387646991903356,-0.9611931518290485,-0.1252974777337604,-0.07353971566942036,-0.08063216930663608,-0.13380059803453356,-0.1258448683289819,-0.056448670963795376,-0.09589631970518617,-0.11900985822924666,-0.08839042437990918,-0.09465009950285265
neg_mean_squared_error,20,-0.11609061644175105,-0.0492238867486594,-0.05047359310678986,-0.7889259088071497,-0.1343728743877035,-0.06183925890137582,-0.049649996419705154,-0.12171627940193122,-0.140065664715237,-0.08169031243743548,-0.05921689435211241,-0.1328450473486647,-0.0654634548967336,-0.06442924561621581
neg_mean_squared_error,21,-0.14452871143476625,-0.06891191004732079,-0.07881929105824265,-1.2282127016811513,-0.23176773592857966,-0.07286757564848849,-0.09322518453065516,-0.17582826788289108,-0.2518793689518528,-0.07859174235377972,-0.15323753656578004,-0.22191138395161242,-0.16682534549392558,-0.11656448953346799
neg_mean_squared_error,22,-0.1375552458609103,-0.0997512423184935,-0.07581436315217191,-0.8953872355291136,-0.12604734454694083,-0.08154425005894676,-0.07523507932223081,-0.1426141264140633,-0.12671917133928023,-0.08749654351090703,-0.1188017747948251,-0.12853315068901677,-0.11603898581288048,-0.11152212689601558
neg_mean_squared_error,23,-0.12215970712189358,-0.06345392727779413,-0.05276237597458691,-1.183881719329408,-0.13670381636838586,-0.08826912455084546,-0.053919041548949984,-0.19267121195167555,-0.14065295473480974,-0.09051866866279198,-0.06866251241245452,-0.1328523628151894,-0.1578839267463289,-0.0842636071651659
neg_mean_squared_error,24,-0.11944919726148998,-0.058126977818446474,-0.04784668563545806,-1.1839418896757008,-0.14011839329528997,-0.068060631440563,-0.05914551715126542,-0.16482730912021318,-0.13063769917314647,-0.06799439507872199,-0.10388221750954128,-0.14734157478363688,-0.1467846556104855,-0.06272424052790511
neg_mean_squared_error,25,-0.09650706830182591,-0.04620961562276507,-0.050353740079877814,-0.7389438971814059,-0.12806364364362594,-0.0595479284966386,-0.044054864258046,-0.07708335867967814,-0.13661283086863618,-0.04414322675595567,-0.07551536079476065,-0.11731605044142492,-0.061619923944593175,-0.06084776226866253
neg_mean_squared_error,mean,-0.13809829846295998,-0.07753827893996615,-0.07195477438327073,-1.0496600663912874,-0.16870773493252667,-0.08355192712882303,-0.07988270623352303,-0.18437112984978135,-0.17299901343022203,-0.08268774221942449,-0.11013849410562752,-0.16501293271911385,-0.14346137377993862,-0.10237845117921321
neg_mean_squared_error,median,-0.12215970712189358,-0.06345392727779413,-0.06465227736921886,-1.0564432879172145,-0.14011839329528997,-0.0703732371786232,-0.06661955793819775,-0.16482730912021318,-0.1641917481290282,-0.08169031243743548,-0.09039680620356023,-0.14734157478363688,-0.11603898581288048,-0.09358270241263747
neg_mean_squared_error,std,0.04053117875036372,0.039827237984899365,0.030017146822577747,0.23124804827269047,0.0575752174865484,0.03849981705144134,0.040362549006051136,0.09685591756898503,0.052874328226602485,0.02411691590062012,0.05206556176378942,0.058743287387109856,0.0867693198699356,0.056894761456409884
neg_median_absolute_error,1,-0.19327381312619124,-0.075535423198623,-0.09123053687411231,-0.5979351257422892,-0.21067416804521144,-0.08486738336283972,-0.08136276683679333,-0.1539733096867959,-0.20793747738857238,-0.13137174559743892,-0.0798996634050401,-0.21667244414792708,-0.11983189975822572,-0.08672623760591636
neg_median_absolute_error,2,-0.2286191540788738,-0.08298214464394937,-0.0837950716597764,-0.6948597511836365,-0.21904211698837006,-0.06416421537116962,-0.10480556398917792,-0.11183872156304431,-0.2493416755245912,-0.1222487636987728,-0.06473641348149234,-0.1924324748254831,-0.11545637753777221,-0.08653913005821312
neg_median_absolute_error,3,-0.247177344127571,-0.07780158010248678,-0.11032570904377337,-0.4837334945733377,-0.22912691714909605,-0.09467277825336606,-0.07611211183575572,-0.15917511068972834,-0.2377295025336834,-0.11354458751744262,-0.09157770665662279,-0.18913190552188536,-0.11436426952304735,-0.08875009114017873
neg_median_absolute_error,4,-0.22870291189163333,-0.06557062462171825,-0.0876620274955544,-0.581780077093749,-0.17351330051281771,-0.061095152779439776,-0.0815425848744914,-0.12120196336832251,-0.17144843584844216,-0.08857582619688054,-0.07716871787850077,-0.166436689239323,-0.08541464684300948,-0.06117123088897419
neg_median_absolute_error,5,-0.224991704128623,-0.07681358502627111,-0.10203581977693893,-0.8036782549530395,-0.17284287386074274,-0.05747990108240089,-0.07902382066247483,-0.1485114186337169,-0.17569217565177644,-0.13423099569861052,-0.06370905778341326,-0.1794403908492359,-0.13295814437881404,-0.05772888958971137
neg_median_absolute_error,6,-0.20042055375832735,-0.0842741719251528,-0.09770719471275513,-0.5594655974101461,-0.20458558641365832,-0.07514001548735706,-0.08974339317702021,-0.14669078828269078,-0.1964101967733063,-0.13204461954690505,-0.10398400204861602,-0.2018856614893565,-0.11696962648579577,-0.08573713293754959
neg_median_absolute_error,7,-0.21190901214420724,-0.07688218140656577,-0.0677428878873762,-0.5928806524366076,-0.22464990513693595,-0.06965211542926347,-0.0851899646073957,-0.14200916738005154,-0.23167786882188945,-0.11042312271296217,-0.08385303216726792,-0.2134219883782492,-0.10167334953211626,-0.10664864039254085
neg_median_absolute_error,8,-0.21674170845551233,-0.05894334200741813,-0.09117060860780668,-0.6847394716724852,-0.20531099874361664,-0.06777946706820792,-0.08888254803114126,-0.12120196336832256,-0.19931091593423061,-0.1089559130367492,-0.0851534824180015,-0.18295933452459012,-0.10752732316920843,-0.09255581695576076
neg_median_absolute_error,9,-0.24172119035501005,-0.07040309859277616,-0.08448998261576474,-0.6859350926001743,-0.16237806176800745,-0.06759740403310577,-0.09457048647457555,-0.12172214346861587,-0.19704956850967936,-0.10586458674933286,-0.08387904117228306,-0.17409178816623516,-0.10830987983378904,-0.09760785748501682
neg_median_absolute_error,10,-0.20728320252368804,-0.07283116271407353,-0.07527019827536663,-0.6000107832936652,-0.20705932752494283,-0.06261667957279757,-0.09306104132045451,-0.08999115735072877,-0.21814900801939777,-0.12374558481507611,-0.06965211542926344,-0.2024171192412375,-0.11112756451165978,-0.0848318461445042
neg_median_absolute_error,11,-0.16862504917838894,-0.07094610737407281,-0.07650160817619622,-0.5944559255072126,-0.16369984837125845,-0.057245820037269884,-0.08813524385395671,-0.11912124296714954,-0.18181779149590094,-0.10611426648974576,-0.06824762915847138,-0.14325025536127117,-0.09332597321732616,-0.08215702724867291
neg_median_absolute_error,12,-0.17869716386543866,-0.07481139449233509,-0.08524853070964378,-0.5481496969713053,-0.20124211276272608,-0.060262864618971124,-0.09066431973483957,-0.11287908176363093,-0.20481962031106546,-0.14160612174492804,-0.07183687185049514,-0.21715630773580452,-0.10710362102467635,-0.07673429880713474
neg_median_absolute_error,13,-0.23311499637426575,-0.0862820851988646,-0.1231582274478148,-0.7337599297077434,-0.198337202000906,-0.08692209475899781,-0.12963231162446065,-0.16957871269559277,-0.23696345428926024,-0.10861337350590067,-0.12793829566711978,-0.19300727571679022,-0.12771460425827225,-0.09592007215572818
neg_median_absolute_error,14,-0.23306197885360108,-0.08980631163874764,-0.08548378175691695,-0.676098135583736,-0.21496177610139344,-0.07186288085550979,-0.09215857228629837,-0.12796430467213438,-0.21678197873337066,-0.11702988982571638,-0.0984440839804932,-0.2106021496707869,-0.09766374792551091,-0.07941725113928255
neg_median_absolute_error,15,-0.22979515263894573,-0.06742736488074969,-0.07233076535080163,-0.6021084660894129,-0.15791315809932377,-0.05693371197709396,-0.07404752121570574,-0.13316610567506681,-0.17820602334882907,-0.08193965892583238,-0.06979516495684414,-0.15648596428128192,-0.09900586592623682,-0.08603306494571801
neg_median_absolute_error,16,-0.17484480562103344,-0.06970107969471195,-0.07809048079716141,-0.6235248134647753,-0.1699901738532855,-0.05524312665114095,-0.08522358555141252,-0.11131854146275111,-0.17835821632684257,-0.0986516431979218,-0.07396961026169724,-0.18086968258063235,-0.10586686390564481,-0.06646579771356231
neg_median_absolute_error,17,-0.17785333016726756,-0.06989134468057812,-0.10089516788211123,-0.6416177879771531,-0.19106481424885463,-0.06707722393281212,-0.08692397823708309,-0.17530069379881819,-0.2244197826799248,-0.1262654519412434,-0.07409965528677098,-0.19664739240624557,-0.1074747259900396,-0.07717097138508541
neg_median_absolute_error,18,-0.2733338993258596,-0.0991235014525853,-0.10176345064213443,-0.6460659511441487,-0.19611806147776534,-0.10309969587811829,-0.10477458330645714,-0.14304952758063816,-0.21761907544530745,-0.12464539132677654,-0.11217683862823516,-0.19326131549097858,-0.1244191338219684,-0.0930395328633884
neg_median_absolute_error,19,-0.20517535093134565,-0.051571786139680886,-0.06185301517428843,-0.6094153532280635,-0.17278261956269494,-0.05656958590688871,-0.09757748304366218,-0.12068178326802928,-0.174943154331465,-0.09716049409498617,-0.08793644595457042,-0.1949457555386211,-0.10154261636950943,-0.09398575412554377
neg_median_absolute_error,20,-0.20753610775075532,-0.06559246251484868,-0.07289583932497667,-0.6041665699644861,-0.17947975902006585,-0.0661148907472694,-0.06895168338194546,-0.13004502507330737,-0.20215386860646475,-0.10269911578927096,-0.0683126516710083,-0.16911338195987435,-0.1174201595787326,-0.07956323374727996
neg_median_absolute_error,21,-0.2328397062562535,-0.09739518818358672,-0.09985316608350803,-0.5269401750170838,-0.2023676699891523,-0.09043331043597724,-0.10634273997271326,-0.13836790667799903,-0.18694935158264056,-0.1300552862214592,-0.1133472438538945,-0.18797644151928042,-0.11724727051788864,-0.09197229775879567
neg_median_absolute_error,22,-0.22101041803560179,-0.12273612448847315,-0.12233907642816577,-0.5939119463173632,-0.2159410549710492,-0.10772929877072768,-0.08878219552365818,-0.13160556537418705,-0.2547650119533793,-0.11357523026044258,-0.1277562326320174,-0.20295215213348272,-0.1296058714785601,-0.10248793841032744
neg_median_absolute_error,23,-0.1734105344244854,-0.06212402531788297,-0.08449800739480876,-0.6707660062332356,-0.17219177750769155,-0.050899622813692535,-0.07605409733189053,-0.11652034246568344,-0.20665120996070319,-0.09403245105907054,-0.05576330675143426,-0.1659651272613623,-0.0929732544461146,-0.06356330378634023
neg_median_absolute_error,24,-0.21971955105864022,-0.08470120775237056,-0.09678087866455809,-0.6646859054966928,-0.15509225931826257,-0.06611489074726956,-0.09172102089557044,-0.11079836136245783,-0.17161927773257457,-0.09688766546929473,-0.07789697001891116,-0.15348334823073084,-0.0972393819801406,-0.07996523921060028
neg_median_absolute_error,25,-0.2236326000139941,-0.05343493086283707,-0.07406520356820318,-0.6580278268709352,-0.16896993543494326,-0.04576284432329722,-0.07889073636759614,-0.11053827131231128,-0.1855419006913771,-0.08220237615713286,-0.06419022437618499,-0.18169677840882398,-0.08821989940458608,-0.06670771529654665
neg_median_absolute_error,mean,-0.21413964956342058,-0.0763032891564544,-0.08908748945402056,-0.6271485116212991,-0.1907734191545109,-0.06989347899579937,-0.08936697416546123,-0.13069004839767098,-0.20425426169978703,-0.1116993664631957,-0.08381297829954598,-0.1866521249871796,-0.10881824285674581,-0.08333921487169489
neg_median_absolute_error,median,-0.21971955105864022,-0.07481139449233509,-0.08548378175691695,-0.6094153532280635,-0.19611806147776534,-0.06611489074726956,-0.08878219552365818,-0.12796430467213438,-0.20215386860646475,-0.11042312271296217,-0.07789697001891116,-0.18913190552188536,-0.10752732316920843,-0.08573713293754959
neg_median_absolute_error,std,0.025322540438584434,0.015091535555158181,0.015465810830319057,0.0666407014634159,0.02213137381188227,0.015792589492151923,0.012486159810652635,0.01998549546345653,0.02444770757779468,0.016223353425587738,0.019497165844836052,0.019474933256751766,0.012594440692721285,0.012536070882584967
neg_root_mean_squared_error,1,-0.42520597409576666,-0.393728564120659,-0.3364771902403759,-1.201388928343562,-0.5689041900147467,-0.3934331738305518,-0.41527624401411684,-0.6803942605303869,-0.548064002155675,-0.3577168770908934,-0.42758972986579674,-0.57698624934307,-0.6362077268301976,-0.41968419867571083
neg_root_mean_squared_error,2,-0.3849681066450861,-0.29522428524590216,-0.3092806034444573,-1.0727030306953846,-0.4374321366938493,-0.32178208682930715,-0.3063874809430722,-0.4598810370963531,-0.46929951970738476,-0.32104932499671335,-0.35588290471056716,-0.42379425076272864,-0.39231694147578183,-0.32255941094423296
neg_root_mean_squared_error,3,-0.35584271337222134,-0.25105843405144274,-0.2631186288597291,-0.7839705289457535,-0.41889844780977153,-0.2652795453453266,-0.2595956352205053,-0.33557472761468055,-0.4358925754814326,-0.2921978620253014,-0.2909412775046931,-0.4089388681304587,-0.2712398082422514,-0.28561519651442585
neg_root_mean_squared_error,4,-0.3231551489802105,-0.20287862081269215,-0.2125735090506729,-0.972967803497734,-0.30762779775368276,-0.1944761436604782,-0.19547904754191797,-0.2590860055449483,-0.30937009445924263,-0.19812418569105666,-0.21130004645104086,-0.30429319820615613,-0.21422076333407697,-0.20818732371089377
neg_root_mean_squared_error,5,-0.35968309513678326,-0.2576938226518573,-0.2545342839369786,-1.0536107917392168,-0.34751282259434374,-0.23840155903876384,-0.24985106324833437,-0.4225633317975561,-0.35111669372062043,-0.27242632064800815,-0.30066061631607194,-0.3409454358996434,-0.34600279625013397,-0.30591290004286753
neg_root_mean_squared_error,6,-0.33695378804783804,-0.26212552533509903,-0.25826832270617317,-1.069217727613265,-0.4526185609699357,-0.2609437960149381,-0.24959957979114675,-0.47130142599283503,-0.4292613034762796,-0.2966626476680467,-0.35121791425778737,-0.4440647843636701,-0.4338102882920031,-0.2580822542015887
neg_root_mean_squared_error,7,-0.3543048495657274,-0.26949996364914325,-0.27032622794648,-0.9819051243847297,-0.42950329018372163,-0.28382951923450306,-0.27468463812800864,-0.4333429452222415,-0.4416495424523772,-0.3077120792414765,-0.3337650409400653,-0.42871560179702584,-0.38660356984896593,-0.2928213036332017
neg_root_mean_squared_error,8,-0.37546815900332714,-0.3037340899493465,-0.27707078089601905,-1.0469664692953362,-0.43349820800388844,-0.2921869490428589,-0.292202333851082,-0.47069786066108205,-0.4586503924758941,-0.27338106527099965,-0.31776386414389834,-0.40602637120320884,-0.31553582960940174,-0.3220998004523715
neg_root_mean_squared_error,9,-0.3417463550250132,-0.2224626963756131,-0.2238609719964757,-1.0790338321287039,-0.3704182643620659,-0.23683688633221645,-0.21577288090637928,-0.3391727675127264,-0.3565596140883053,-0.2590853182366718,-0.26236009643207187,-0.3692093687447109,-0.33487890697932127,-0.25701020550448167
neg_root_mean_squared_error,10,-0.33524962170100836,-0.1929971587878424,-0.20374428448516482,-0.931394698730411,-0.3343049480339609,-0.22191010381207585,-0.20609174479631218,-0.32117983296033015,-0.34543834560639725,-0.24171262870808463,-0.25214903512750547,-0.33350031923993,-0.27440244940679964,-0.25264268925004973
neg_root_mean_squared_error,11,-0.3194822970670077,-0.24024492355847368,-0.2382887353235833,-0.8141912359981727,-0.4094945169241424,-0.26721851690959714,-0.25810764796533586,-0.37461202186584514,-0.43580843806522535,-0.272465187333948,-0.29996319817389977,-0.3845523589675986,-0.28679053784640374,-0.3282915534809258
neg_root_mean_squared_error,12,-0.3438962018722993,-0.2780354609683359,-0.25426812102428187,-0.9879890849731501,-0.36403893815545985,-0.25995789516872203,-0.3000386277598055,-0.33415874849856003,-0.3943366324591008,-0.30080423232145553,-0.2922643670289584,-0.372888676274306,-0.33925426910752354,-0.3183344067450433
neg_root_mean_squared_error,13,-0.4499768143260592,-0.36219183385850817,-0.3703652855292415,-1.179450590560746,-0.5248883063797508,-0.3827565858828468,-0.377207446480966,-0.5885109688547515,-0.49340846584102094,-0.37004506366588924,-0.4384283179176085,-0.5066814180359576,-0.5337095899382915,-0.3981935315672136
neg_root_mean_squared_error,14,-0.3403580318307725,-0.22547800740549898,-0.2219566108340259,-0.9521306045823498,-0.37193246752942855,-0.25451426424035917,-0.232197788740473,-0.39674340455875895,-0.40520580959436925,-0.2966423507278837,-0.2704756647943081,-0.37129962207558864,-0.32542569171626573,-0.24322372109067808
neg_root_mean_squared_error,15,-0.48144148789059266,-0.43994015830901884,-0.38439113583135953,-1.1563479538271308,-0.4434157064789133,-0.43512212389663735,-0.42597113581208645,-0.5504993318717079,-0.4315677927738695,-0.3224074272593898,-0.4972086689408114,-0.4478243968787151,-0.4935518571351633,-0.5734766113017963
neg_root_mean_squared_error,16,-0.33456042869114394,-0.19151511027860768,-0.2095698183917793,-0.9438722420050992,-0.329789335698915,-0.2193452315316161,-0.19954840358641485,-0.2803179249737744,-0.3356973357470366,-0.23572914235062567,-0.286681224919873,-0.3262890282061275,-0.25215878081126436,-0.24776354655720345
neg_root_mean_squared_error,17,-0.38037006507720544,-0.2515499802478705,-0.24089798365696205,-1.0278342706473718,-0.3966434355106188,-0.2520746929335796,-0.24780663079832854,-0.434199127334346,-0.4241753386714959,-0.2642310855463435,-0.27754711231328183,-0.39084864135359837,-0.36590690159403183,-0.3158207486098691
neg_root_mean_squared_error,18,-0.5180327733972595,-0.3960623599024942,-0.3675533744221359,-1.2406200833784884,-0.535223660807297,-0.411287889610151,-0.39895111893445456,-0.6264574369455992,-0.5242776654829431,-0.3584144005719373,-0.48345214758781574,-0.5497764873308076,-0.5760752646627781,-0.40368927661263854
neg_root_mean_squared_error,19,-0.34942803130772654,-0.22860213927619796,-0.23211305417626463,-0.9804045857854035,-0.353973837640242,-0.2711820710692732,-0.28395804145443054,-0.36578764062572366,-0.3547462026984671,-0.23758929050736982,-0.30967130914113783,-0.34497805470674026,-0.2973052713624654,-0.3076525629713698
neg_root_mean_squared_error,20,-0.3407207308658383,-0.22186456848415295,-0.22466328829336996,-0.8882150127120965,-0.3665690581428055,-0.2486750065876662,-0.2228227915176209,-0.3488786026713751,-0.37425347655731533,-0.285815171811147,-0.24334521641510112,-0.3644791452863452,-0.2558582711126095,-0.2538291662047839
neg_root_mean_squared_error,21,-0.38016931942854915,-0.2625107808211327,-0.28074773562442606,-1.1082475814009933,-0.4814226167605544,-0.26993994822643147,-0.30532799499989377,-0.4193188141294057,-0.5018758501381122,-0.2803421879663846,-0.3914556636016141,-0.4710747116452043,-0.4084425853090316,-0.34141542076108394
neg_root_mean_squared_error,22,-0.37088441037729036,-0.3158342006789219,-0.27534408138213523,-0.946249034625195,-0.3550314697980178,-0.28555953855360316,-0.27429013712168143,-0.3776428556375233,-0.35597636345589045,-0.295798146564354,-0.3446763333836907,-0.35851520287013877,-0.34064495565453556,-0.3339492879106281
neg_root_mean_squared_error,23,-0.3495135292401334,-0.25190062976855404,-0.22970062249499218,-1.0880632882922794,-0.36973479193657965,-0.29710120254022104,-0.2322047405824222,-0.4389432901317385,-0.37503727112756374,-0.30086320589728477,-0.26203532664977547,-0.36448918065587266,-0.3973461044811298,-0.2902819442631007
neg_root_mean_squared_error,24,-0.34561423185611145,-0.24109537079431134,-0.21873885259701364,-1.0880909381461188,-0.37432391493904044,-0.2608843257855155,-0.24319851387552807,-0.40598929680499357,-0.36143837534654016,-0.26075734904067804,-0.32230764419967034,-0.3838509799175155,-0.38312485642475025,-0.25044807950532405
neg_root_mean_squared_error,25,-0.31065586796618844,-0.21496421940119492,-0.22439639052328317,-0.8596184602376835,-0.35785981004246054,-0.24402444241640753,-0.2098925064361422,-0.2776388997955404,-0.369611729885073,-0.21010289563915027,-0.27480058368708143,-0.34251430691494467,-0.24823360760500013,-0.24667339189434787
neg_root_mean_squared_error,mean,-0.3683072813106864,-0.2709277161893149,-0.26328999574669526,-1.018179356101855,-0.4054024213265677,-0.28274893993974587,-0.2750585669802584,-0.4165157023853114,-0.41130875325870525,-0.28448301787124375,-0.323917732180165,-0.4006614663524025,-0.3643619050012071,-0.3111063412962332
neg_root_mean_squared_error,median,-0.3495135292401334,-0.25190062976855404,-0.25426812102428187,-1.0278342706473718,-0.37432391493904044,-0.2652795453453266,-0.25810764796533586,-0.40598929680499357,-0.40520580959436925,-0.285815171811147,-0.30066061631607194,-0.3838509799175155,-0.34064495565453556,-0.30591290004286753
neg_root_mean_squared_error,std,0.0494777222241577,0.06431525122712504,0.05131425263000464,0.11388970629209329,0.06600463404248805,0.06004135318072871,0.06500377653867312,0.10433503494153877,0.06183949323039039,0.04191842986436996,0.07222047413916916,0.06695761420075019,0.10344938841689655,0.07477496629544433
r2,1,0.8651787207058115,0.8844011338224106,0.915575016205786,-0.07628423511703186,0.758655173773104,0.8845745221747574,0.8714020918421042,0.6547918731116905,0.7760132728857078,0.9045801807162203,0.8636628348889247,0.7517492010525264,0.6981733335553668,0.8686575889587402
r2,2,0.8710771078968393,0.9241798399553047,0.9167880105647129,-0.001012619227466871,0.8335430590035943,0.909925001227788,0.9183375192004928,0.8160196073727761,0.8084065063800443,0.9103347715182727,0.889822023898955,0.8437605654097721,0.8661079895832553,0.9094892740249634
r2,3,0.7915963234894823,0.8962617653548596,0.8860557493731085,-0.011553124407359672,0.7111936591223302,0.8841764822634776,0.8890866062768603,0.8146606162882318,0.6872853946547939,0.859478334102056,0.8606843502395536,0.72476351487887,0.8789134015453431,0.8657383918762207
r2,4,0.8877753495180412,0.955767786935964,0.9514393619243166,-0.01733278326933685,0.8983008661456274,0.9593557822421976,0.9589355008912979,0.9278636752381684,0.8971456269989646,0.9578166476673893,0.9520194428947795,0.900493697048286,0.950683843030933,0.9534226655960083
r2,5,0.8828582581882206,0.9398716010840196,0.9413370095972576,-0.005152702051345104,0.8906513837379499,0.9485376272404883,0.9434758516234696,0.8383203947245808,0.8883716306831383,0.9327999256263029,0.9181488641259448,0.8947453270669091,0.8915996109061958,0.9152641296386719
r2,6,0.8986632594542807,0.938673966937084,0.9404655248561684,-0.02037203274456756,0.8171516843294085,0.9392256675990031,0.9443949872304227,0.8017451809515264,0.8355364255092216,0.9214489523050945,0.8899019659727426,0.8239974692803411,0.8320322362493542,0.9405512809753418
r2,7,0.8684774788962897,0.9239037328316285,0.9234364079862173,-0.01014794477419212,0.8067235582314862,0.9155963836752719,0.9209476699060872,0.8032524228815708,0.7956373614921644,0.9007946665671719,0.8832847448954142,0.8074318275750908,0.8434050864585414,0.9101638197898865
r2,8,0.8698608579281596,0.9148374240404582,0.9291331432503812,-0.01187591501561358,0.8265252277599988,0.9211896347664534,0.921181335187844,0.795475112822622,0.8058107198357766,0.9310080252560485,0.9067882355510676,0.8478155790084112,0.9080907810696491,0.9042271375656128
r2,9,0.8992978706533454,0.9573277772825339,0.9567896641697887,-0.003924366034939064,0.8816915794748208,0.9516351820850473,0.959855635094006,0.9008088737097983,0.8903786431031306,0.9421216052031611,0.940649219423722,0.8824625411736178,0.9033044565893252,0.9430450201034546
r2,10,0.8697243449105052,0.9568253819788651,0.9518831108128959,-0.005528064096087748,0.8704574976483481,0.9429204124962363,0.9507679562485774,0.8804297303737822,0.8616854835249341,0.9322786891822746,0.9263044449736233,0.8710803313193528,0.9127224311759806,0.9260156154632568
r2,11,0.8195498462121016,0.8979596124948334,0.8996145697946005,-0.17197003146687107,0.7035442748619082,0.8737600661118832,0.8822216661171349,0.7518998192277656,0.6642199191526846,0.868754113329079,0.8409258502713601,0.7385584440963753,0.8545903273532658,0.8094613552093506
r2,12,0.8784568065285651,0.9205532265387437,0.9335553968643999,-0.0031830315479173255,0.8638017390917578,0.9305484555178221,0.9074811501087777,0.8852423738950668,0.8401877260696506,0.9070083894801326,0.9122135225284423,0.8570993268775284,0.8817158571191472,0.8958538770675659
r2,13,0.8495351474639096,0.9025162787999389,0.8980668753952807,-0.033747077390891,0.7952666534440962,0.8911320275872129,0.8942658433727054,0.7426264493901111,0.8190877462603758,0.8982430641764535,0.8571592950166077,0.8092235579406899,0.7883273225055923,0.8821734189987183
r2,14,0.8721604215555018,0.943894982901142,0.9456337357009761,-0.0004292310287814516,0.8473413190993873,0.9285145628443204,0.940501025324809,0.8262948261419437,0.8188056508316766,0.9028909667355541,0.9192672555153639,0.8478603765622938,0.8831316275563709,0.9347162246704102
r2,15,0.8261351214613045,0.8548182423762632,0.8891663681492169,-0.003002253562753854,0.8525152958963902,0.8579807654206041,0.8638915212055382,0.7726795910049501,0.8602914808516656,0.9220286753657067,0.8145605116140149,0.8495679632255505,0.8172781779938332,0.7533073425292969
r2,16,0.8713071119275179,0.957829233670368,0.9495033139689713,-0.02431098883215177,0.8749514618475538,0.9446825950527449,0.9542172454474744,0.909654371661957,0.8704309745291577,0.9361101371928693,0.9055060711883628,0.8775918472122164,0.926893903507947,0.9294202327728271
r2,17,0.863047507245365,0.9401028918667704,0.9450682278958242,-7.985321099468479e-06,0.8510783559971451,0.9398527503134435,0.9418723017756183,0.821542348938335,0.8296868778934168,0.9339116212983594,0.927082678679555,0.8553979356449654,0.8732644418275722,0.905585527420044
r2,18,0.8212796342054063,0.8955311741105728,0.9100294447784006,-0.02503144077797348,0.809221170268578,0.887344755151833,0.8940016885536504,0.7386378400003504,0.8169447091120505,0.9144479395958728,0.8443437513498987,0.7987055057603165,0.7789868939197409,0.8914689421653748
r2,19,0.8729001223092872,0.9456010859188372,0.9439173170043663,-0.0005535053171408233,0.8695716565236128,0.9234488716934274,0.9160659858140265,0.8607203379235141,0.8690018505717244,0.9412397856811151,0.9001767764934074,0.876116750736332,0.9079900342803139,0.9014740586280823
r2,20,0.8526982242035666,0.9375421877157646,0.935956495681223,-0.0010299790028007738,0.8295007501651848,0.9215351513386221,0.937001517736115,0.8455600922040475,0.8222774434916158,0.8963471083518848,0.9248625430497854,0.8314393360979517,0.9169365840959511,0.9182488322257996
r2,21,0.8814988592409975,0.9434981473824658,0.935374945147606,-0.007029017273188165,0.8099703455042268,0.9402548410418355,0.9235633487306265,0.8558359089003126,0.7934805322890859,0.9355615155583528,0.8743583699745336,0.8180517083102603,0.8632175326805724,0.9044271111488342
r2,22,0.8456812707535688,0.8880923453046062,0.9149463467783648,-0.00450564066487269,0.8585916086759829,0.9085181741511039,0.9155962263518411,0.8400058781977557,0.8578379081811842,0.9018404908983898,0.8667201762912339,0.8558028641057757,0.869819658846053,0.8748869299888611
r2,23,0.89672740413831,0.9463566838691098,0.9553952145179178,-0.0008417769563942024,0.8844319594964648,0.9253781640315434,0.9544173809979901,0.8371176824596256,0.8810933973786739,0.9234764219152637,0.9419533980370125,0.8876879398491555,0.8665265058006342,0.9287644028663635
r2,24,0.8990937578117336,0.9508964895881211,0.9595808983289508,-0.0001501039385041203,0.8816331892299488,0.9425049082197396,0.9500360654165738,0.86076001551593,0.8896421272482398,0.9425608622363661,0.912244163716524,0.8755313139780176,0.8760017785960618,0.9470129013061523
r2,25,0.8637294105817488,0.9347507735079972,0.9288991577421222,-0.043408759460001445,0.8191706730973651,0.9159167151415862,0.9377933406866179,0.8911562136695901,0.8070989896165699,0.937668570450774,0.8933702690724132,0.8343465652497517,0.9129910015546638,0.914081335067749
r2,mean,0.8647324086911943,0.9260797506507465,0.9303044522595542,-0.019295384371171283,0.8338193656970507,0.9195403799755378,0.9236524584456265,0.82692404946424,0.827454335941826,0.9181900584164066,0.8946404303865296,0.8384512595784145,0.8681081927120666,0.9010982966423035
r2,median,0.8698608579281596,0.9375421877157646,0.935374945147606,-0.005528064096087748,0.8473413190993873,0.9234488716934274,0.9235633487306265,0.8371176824596256,0.8296868778934168,0.9220286753657067,0.9001767764934074,0.8478603765622938,0.8760017785960618,0.9094892740249634
r2,std,0.02657899965121189,0.02696962824668017,0.02109884529652126,0.035543535095001286,0.05011968221263351,0.0261489068008316,0.027615923566700288,0.060775012856704745,0.056172506036746304,0.022893790628313388,0.034294420391091214,0.045843989478890734,0.052974280540469196,0.04291637561892654
