scoring,cv_cycle,ECFP2,ECFP4,ECFP6,FCFP2,FCFP4,FCFP6,MACCS,RDK5,RDK6,RDK7,avalon,mordred,pubchem,rdkdes
max_error,1,-3.3360016798638594,-4.969525416231775,-1.2795641527394666,-1.4958468641826719,-1.0264601213397893,-3.3710791579603017,-1.5639196204765724,-1.268069658751844,-1.6735589643035644,-1.1414832120834628,-0.6008860428537217,-2.5147586768575843,-2.3204176574543673,-1.5284191796865798
max_error,2,-1.43820954669373,-1.4336878811719305,-2.3120965097833466,-1.7648410352698547,-1.8729005245518637,-2.5140824427272017,-1.9185411396874499,-1.6420141283501395,-2.243224664504522,-0.6940763078212561,-0.9924990028449885,-1.2991237914773275,-3.0124123779076184,-1.5482120325027409
max_error,3,-3.050955122438846,-1.6101678046802528,-2.3363889204670376,-3.46058047904992,-1.2767733133158816,-1.8366320817305608,-1.6021702645281515,-1.7922484990716052,-1.0163538889579258,-1.9179473781228282,-3.438926248441547,-1.1746446934771564,-1.026809508973819,-1.0501135774669559
max_error,4,-4.079503766881313,-1.5456111320012722,-1.9540881291147476,-1.5439391451781144,-3.7030329559292596,-1.576578924660349,-1.3242583341644745,-0.9845492106591645,-1.1120670274118805,-1.4458665977700456,-0.9158746003350355,-0.873356379387318,-1.7101865481357772,-1.1914985287266577
max_error,5,-1.451576007854181,-1.5915284409154618,-4.661906076837951,-2.290016722311966,-1.5481691176444643,-1.4997438181745,-0.7890990954218371,-1.3263273529365882,-2.226855463715129,-1.1483235804023177,-2.355279756218807,-1.815116441963195,-1.5138510405682504,-1.4281544653550615
max_error,6,-2.071763661725813,-1.4694632675695973,-1.8863095909395762,-1.7272753774449323,-1.8970118630196935,-1.7694149333696476,-1.389412091085754,-1.6387065260267035,-2.220327636939865,-1.179196269354722,-0.9886282896122972,-1.6838229846491832,-1.1296400510576192,-2.1936515009465745
max_error,7,-5.369689130301933,-1.8704115866243647,-2.5107792990903444,-1.6993513619402958,-3.650299698262034,-1.689314135832904,-1.5941879445822082,-1.028342461151523,-1.153104902490847,-1.013128772336108,-2.50665134816592,-1.795531661187153,-3.0906899463665773,-1.549694545788575
max_error,8,-4.204277633604982,-4.77050667727667,-2.706523070830685,-3.660949518848704,-1.6445389834750388,-1.265329424294942,-2.589895962431519,-1.0686710025449184,-1.8282900030031206,-1.8914563395485615,-1.440530416907872,-1.7222122760508238,-0.8854463247742697,-1.418583151509666
max_error,9,-1.691703713168626,-4.362832863008528,-4.782128367684055,-2.532872648400045,-1.2626591664467701,-4.07113753693493,-1.815498817246836,-1.9233896385697409,-2.19791177596798,-0.9838686416946147,-1.2004456264516996,-1.2704618679511683,-2.279799269532292,-1.26705468829425
max_error,10,-1.966436833138495,-1.6784261161086413,-2.065219034184178,-1.9023766537873854,-1.2420643693093274,-4.141582493533724,-3.8002163325587603,-1.8294734127312875,-1.2398102555413903,-2.232822301022706,-3.180511178217876,-1.1136535767177744,-3.1070418078192947,-1.0436633442233205
max_error,11,-3.8227775480499266,-1.992303841371017,-2.6790835705402176,-2.143508925957416,-1.2872896941956555,-2.47982208087164,-1.332545362921163,-1.8910860809077652,-1.6870481012710017,-1.1466590040813796,-1.2668206072491157,-1.7062167379668067,-3.4159407902598415,-1.0267054729537666
max_error,12,-1.2332979722429322,-4.970533265176094,-4.7217007793666586,-1.46640426798576,-1.217646836733653,-1.648757644088417,-1.598995089561417,-1.7174409240808846,-1.86048655031077,-1.4214701510662933,-2.027293810237237,-1.7472589478799407,-1.5510427721044717,-1.4361392298945619
max_error,13,-4.992289797870858,-1.822367752561282,-2.19500396920734,-1.300063583525189,-1.6534587098186146,-3.9785433116656517,-1.6551221706076307,-1.6209592195287466,-1.0293813660863533,-1.1764458170744214,-0.8501693514167465,-2.2455134569458104,-1.7292434596413906,-1.6249906153060212
max_error,14,-2.2166484154757313,-4.023046886662821,-2.1481357421709193,-0.9901866624960924,-1.655182301810455,-1.7395399706012107,-1.1498561024527456,-1.3589098243376942,-2.2130472829528447,-1.720250392032087,-3.226182991023622,-1.1857765476234308,-1.3074380034136788,-1.3114780688592904
max_error,15,-2.0843876708799822,-2.407963782555112,-1.7113925299647246,-2.7492298570647598,-3.401961383547876,-1.6908119758538378,-1.8251970514938831,-1.6952669468556345,-0.9974449088288496,-1.9108347822181522,-0.9056465591130196,-2.1605680465679287,-1.3938659270773992,-2.250507185908628
max_error,16,-4.15493855109217,-4.119254196212054,-2.2293878738367225,-2.923198889806827,-1.2580285314507877,-2.0461079888566207,-1.2844204481246966,-1.0367012599536163,-2.185309112588125,-1.9376015162455738,-1.1105151567793392,-1.1931370960425802,-1.168582737522667,-0.9818399393034704
max_error,17,-3.0551304347105326,-1.458127676217374,-2.8091939896832763,-1.2140613405768754,-1.1133610504734235,-1.726725488645993,-1.840941278451869,-2.2403636739529094,-1.8188227251777835,-1.0571099998159008,-1.2851647584859567,-1.6650444830285975,-1.6236134694535946,-2.3499916300897095
max_error,18,-2.295002524720876,-4.971465254522452,-1.4974424547141192,-1.6675170414755573,-1.3618822201274532,-1.1376473173272164,-3.764771747512341,-1.6162199453316586,-1.399466532823889,-1.2540501857869173,-3.213048443491218,-2.3384956498732237,-3.8397222290383732,-1.1327701954035536
max_error,19,-4.864932369982399,-2.45934389077335,-4.679982335323142,-1.428310328337762,-1.936175355803937,-5.003435523486473,-0.8228580074021786,-1.6594681523534545,-1.7199039768557731,-1.0146893126369876,-1.219276146082315,-1.2242438660401156,-1.3190987073285851,-1.3041695384501701
max_error,20,-1.861185325578831,-1.709853235980928,-1.7862984644069495,-2.2803967344714717,-3.644302021705653,-1.246767664382812,-1.1642157906479762,-1.903018209244412,-1.0067665362261053,-1.562933129341037,-2.319420181148956,-1.0646526112701518,-1.6617288819040166,-1.380531977173217
max_error,21,-2.2476899180707477,-1.9096591751914889,-4.777849019392309,-4.06973305066414,-1.5406717432810773,-2.090382746535864,-1.617251598896919,-1.6313220740934218,-0.9057063798245546,-1.1749177880298103,-1.2251541812156281,-2.006178592800898,-0.9597712985485309,-1.5121635515524172
max_error,22,-1.9759162484995056,-4.924623036491047,-1.3871642734519547,-1.6334998947799826,-1.333559714116738,-2.445514035840218,-1.1546879051142398,-1.905147913271696,-1.200861770531935,-1.1326583566819877,-0.7969939406642714,-1.0756804293963689,-1.3230152300003726,-1.1555280747913794
max_error,23,-4.092829047117158,-2.529174911001393,-1.2416698993999389,-1.6101249973267318,-3.6397716865155156,-1.2006602007430707,-1.809215358420808,-0.9640476124563571,-1.2987076473970909,-1.8338897417827775,-1.4775715748829183,-1.1140177027879798,-3.2555412953380136,-1.1386742395418787
max_error,24,-1.7774554027019651,-4.1629753336417,-2.807594064317661,-1.7286153318492528,-1.6029167727500762,-1.624366399185668,-1.4597144036852805,-1.0142594209398166,-1.7003907208435232,-0.9469878725838236,-1.7284631069226806,-1.2633354005771538,-1.4889669869466755,-1.2424501695503787
max_error,25,-5.07417481532535,-1.6077392757632114,-2.201376175435932,-1.3245736028841728,-1.7746064258336212,-3.7125648227837162,-2.284428456768724,-1.8683568752282063,-2.20718918805671,-1.5203559546486196,-3.197729139537582,-1.4709652876091939,-1.4088427791316755,-1.590112539581356
max_error,mean,-2.97635092551963,-2.814823707988393,-2.6147311317153297,-2.024298972624635,-1.901788982458346,-2.300261684803499,-1.7260568149698172,-1.5449744009331916,-1.6056814953044614,-1.3783609361672955,-1.7387872983320147,-1.5489506882451545,-1.900908364011967,-1.426283897714407
max_error,median,-2.295002524720876,-1.992303841371017,-2.2293878738367225,-1.7272753774449323,-1.6029167727500762,-1.7694149333696476,-1.598995089561417,-1.6387065260267035,-1.6870481012710017,-1.179196269354722,-1.2851647584859567,-1.4709652876091939,-1.5510427721044717,-1.380531977173217
max_error,std,1.2844438579448576,1.3773077803966793,1.1392529818401351,0.7848406645726244,0.8867363453105962,1.0709164547211458,0.7224105044466302,0.3576320044442402,0.4716649546607817,0.3901287629098895,0.897549849444621,0.4430424403199805,0.8553954306758802,0.3615275092283049
neg_mean_absolute_error,1,-0.3369809003110878,-0.3856443056716191,-0.2033289471377212,-0.3181088785662378,-0.19641966592861856,-0.23763325647456637,-0.30168969942812257,-0.19941077501141105,-0.17921657024488452,-0.2372589831927767,-0.16655558888186403,-0.2187119848208982,-0.2745715560938388,-0.19605542746999616
neg_mean_absolute_error,2,-0.3401277943949205,-0.2426778060158038,-0.22203272674468574,-0.29428890416291903,-0.23711769897513077,-0.25592276075116305,-0.3400195492003529,-0.2598941718451584,-0.2198117543959053,-0.12209486710130706,-0.1822102450140732,-0.21248271503725635,-0.33252744314539745,-0.23513851652004938
neg_mean_absolute_error,3,-0.3699321016547134,-0.32564195275300567,-0.25499548881261264,-0.2997403380828036,-0.25471077995633634,-0.2606017947740909,-0.3070571749966004,-0.30438132909029525,-0.19372646728600815,-0.1778402344822679,-0.2635176756467002,-0.19163186113015485,-0.22394074387175322,-0.17023966083179867
neg_mean_absolute_error,4,-0.32630023933237573,-0.289514652773557,-0.26231566857251043,-0.2479714192259353,-0.22341004926896416,-0.22591868717766078,-0.23496186807514766,-0.18879675165655496,-0.17018050042576036,-0.19824393654901687,-0.1918928368815915,-0.12496083000609355,-0.23073401219927417,-0.15391376275426238
neg_mean_absolute_error,5,-0.2902340455310285,-0.26334326638989863,-0.31535365486400146,-0.3408435270808031,-0.238520865181689,-0.22751235273903664,-0.2775093818784371,-0.19125281859160848,-0.30241765143530974,-0.22138842291513613,-0.29142969418359055,-0.16248030766909138,-0.22149439172538787,-0.20406710964336755
neg_mean_absolute_error,6,-0.3172282415972551,-0.27083782310062654,-0.2663377793132649,-0.2819178801366723,-0.24721487378371876,-0.2606260581134504,-0.29647114747395575,-0.2822179337848307,-0.24204140864831042,-0.22276378175478775,-0.17584877779872252,-0.19957795141002527,-0.2111134943907671,-0.1871237089827004
neg_mean_absolute_error,7,-0.46677221027625826,-0.2980522941476142,-0.22759198818460544,-0.2805124163057975,-0.25567277300676655,-0.16730667575998298,-0.2909078082282643,-0.2010263807730214,-0.1784343217133581,-0.1676694675041336,-0.22636918025644778,-0.20815074562811878,-0.24602612925037531,-0.24759386398290387
neg_mean_absolute_error,8,-0.3006586941398275,-0.32888653593758665,-0.2865799540264322,-0.332030082321889,-0.17221737781165256,-0.21321341236361208,-0.3636108035343597,-0.21656787746105674,-0.25035673487342536,-0.22650644304882098,-0.27930895579318554,-0.1844499832671932,-0.25904502956030395,-0.1732881899985172
neg_mean_absolute_error,9,-0.31869151703788223,-0.3620200508825501,-0.25399147795111005,-0.25166203806756143,-0.25653007960529955,-0.29078084157217865,-0.2952125206874255,-0.2464795275201207,-0.20621803053362603,-0.19847701221235575,-0.1803932765020167,-0.1650266844875051,-0.2883041691761931,-0.1787005726824015
neg_mean_absolute_error,10,-0.29843800011356725,-0.27534611900310163,-0.2597986516534714,-0.3208138267069998,-0.1949469853460415,-0.3214657858260491,-0.336042395534581,-0.2292010512966688,-0.20882894450439823,-0.19542710432816743,-0.25012043698321046,-0.14453455050730862,-0.2502107835125042,-0.15627579107809392
neg_mean_absolute_error,11,-0.37552078640753106,-0.2967724666431592,-0.2500892502206742,-0.2878367100200447,-0.23166852037053576,-0.2619065930601625,-0.2967282302224489,-0.22856828819846498,-0.25789175308035855,-0.21789443918984605,-0.22144917222185204,-0.16283695243053162,-0.2934198598939662,-0.1495316501260748
neg_mean_absolute_error,12,-0.2847737684416,-0.3148651743236904,-0.2791585997718448,-0.28220516436649273,-0.19878702824602537,-0.20066512637613698,-0.2928145428548773,-0.22684259214733446,-0.21900840598646318,-0.19905558363170212,-0.22338650528669676,-0.1699640983003318,-0.23090852398571698,-0.189635990396066
neg_mean_absolute_error,13,-0.3917685279268712,-0.3005720723623955,-0.25629537832158283,-0.2550091082443729,-0.2116061090185366,-0.28121106468690665,-0.31009956081658135,-0.21689439762544283,-0.15176008911347283,-0.22685969974663373,-0.19477789500125067,-0.2578826771992835,-0.24011007836789713,-0.25498042140706767
neg_mean_absolute_error,14,-0.3211816611737976,-0.3123829915719839,-0.25273158698912146,-0.26333543136990867,-0.2653315430911849,-0.21566111726120904,-0.25560606213378523,-0.2436648069985513,-0.23328639354146263,-0.20441074576178084,-0.23823639231074137,-0.16570314478314724,-0.2463089696217546,-0.2045092627286168
neg_mean_absolute_error,15,-0.34012941514113076,-0.266282485262707,-0.1851116758777482,-0.32713327468475795,-0.246305693782294,-0.2569032022386427,-0.28756464546719557,-0.27791897123151715,-0.1851960805023017,-0.21393572887232823,-0.20576655617857267,-0.25213015386629434,-0.24681832537932877,-0.2795749015875985
neg_mean_absolute_error,16,-0.3726203514621684,-0.29832810954521016,-0.24870397036156175,-0.32908173986327977,-0.21832418147503885,-0.2120016407065756,-0.2673552521166911,-0.21845788279275796,-0.20805164756081024,-0.1762640169667589,-0.19707101125715762,-0.15414270746728273,-0.21719900956710847,-0.1760002229510823
neg_mean_absolute_error,17,-0.27907134709270265,-0.25400654357307273,-0.2684755632931678,-0.24226241564263243,-0.19027874372798603,-0.2284652636589826,-0.3216164278249977,-0.2947751841360358,-0.21737225502763213,-0.18853523249574455,-0.2077120014225214,-0.1568546551118985,-0.21945298229518606,-0.1914274176537425
neg_mean_absolute_error,18,-0.3672788805222962,-0.33615065516207304,-0.27549876232561554,-0.33820870241468487,-0.23036662625446172,-0.20986550087106182,-0.360348600096368,-0.20340388864217207,-0.2007187208518447,-0.23330811592279627,-0.24855255496376183,-0.2657398845315821,-0.3065878504170839,-0.18457609817488033
neg_mean_absolute_error,19,-0.34764510061489323,-0.2768438981545317,-0.25412208794957,-0.24168267488960743,-0.2728779666215282,-0.39841396466861906,-0.2629097521158566,-0.2366185383337033,-0.20877786661108397,-0.19675352506319524,-0.20684170609119004,-0.18710403260499367,-0.2265993853735992,-0.18511567095435102
neg_mean_absolute_error,20,-0.3575857473149562,-0.30182358563877615,-0.25396104349325,-0.294329600245581,-0.2795623520624312,-0.20066426741681237,-0.3009442148088618,-0.24328840699606383,-0.21816275998545023,-0.20581452917403098,-0.22477904815386537,-0.15464338378967368,-0.27453981560490237,-0.2048051721979503
neg_mean_absolute_error,21,-0.38126756841736525,-0.3312312239001656,-0.30315300214720453,-0.3740933974553341,-0.23866382281798262,-0.23110713384221768,-0.2767001858299313,-0.24289809026850523,-0.22168637638446326,-0.20226095446140813,-0.21332741768582109,-0.22638712911809447,-0.19870350926505284,-0.20659518096298102
neg_mean_absolute_error,22,-0.29382934083348516,-0.33892904327836637,-0.23970244094953932,-0.2411049862508461,-0.2158722740273102,-0.27247875453637105,-0.2979896885836072,-0.19359746786601897,-0.2340967716438009,-0.17827602387260683,-0.19030640491869313,-0.22152932547713858,-0.2608454783918072,-0.21413784201487776
neg_mean_absolute_error,23,-0.3179715151561383,-0.2945116861888581,-0.2059379537790835,-0.28046696476358735,-0.22742601973075174,-0.2125994085942755,-0.2849791861018891,-0.20331182205226808,-0.1711572589484084,-0.20350667973441264,-0.24243432490724628,-0.14260352968595189,-0.2934265713082397,-0.16377254454981974
neg_mean_absolute_error,24,-0.32489535976574396,-0.2916126076522542,-0.2867050587948803,-0.2680823586229995,-0.21112374579115664,-0.24320481826317317,-0.31945516922494954,-0.2157209980320353,-0.21074710469297273,-0.16585928135803418,-0.24280708807954338,-0.1693647603586896,-0.22267260836873407,-0.18865996826051576
neg_mean_absolute_error,25,-0.3732199074183526,-0.2849048533757257,-0.2552715307428706,-0.25072077209294924,-0.26121499623893507,-0.23482297603895277,-0.3203228817290569,-0.2559418142608819,-0.2562554061120027,-0.24777918388084805,-0.23951248166211148,-0.14774460928411806,-0.22745465726612277,-0.16966905976564367
neg_mean_absolute_error,mean,-0.33976492088311794,-0.3016472881323333,-0.2546897696911252,-0.28973770446338787,-0.23104683088481504,-0.24483809831087566,-0.2999566699585738,-0.23284527066449914,-0.21381605096414058,-0.20112735972883589,-0.22018428912329707,-0.18586554631890628,-0.24972061512129184,-0.19461552030701437
neg_mean_absolute_error,median,-0.3369809003110878,-0.2980522941476142,-0.25499548881261264,-0.28220516436649273,-0.23166852037053576,-0.23482297603895277,-0.2967282302224489,-0.22856828819846498,-0.21074710469297273,-0.20226095446140813,-0.22144917222185204,-0.1699640983003318,-0.24602612925037531,-0.18865996826051576
neg_mean_absolute_error,std,0.041363114021861914,0.03293191933546977,0.029297664346068533,0.03635059721086649,0.02724342723104733,0.045205304031805886,0.02983872646012027,0.03186319019936037,0.03239835067246094,0.026615144836129145,0.0317843860091457,0.03762362286893126,0.032847933060220214,0.03151366281068776
neg_mean_absolute_percentage_error,1,-1.2826831984483928,-1.1862717095526942,-2.5024525188592412,-0.9682221535415542,-0.8150206530934504,-0.6599814463551219,-0.7514864262095912,-0.8352249879448134,-0.5817079478085498,-0.979953523772487,-0.6383747290831465,-0.5242804717037853,-0.7754818910562465,-0.690829895746607
neg_mean_absolute_percentage_error,2,-1.0534206557321555,-0.9476637285704572,-0.7375590560954115,-1.615208643580671,-0.5493757528493279,-1.0027163288471765,-0.9000075666055628,-5.61973234005574,-0.9149562469415071,-0.2809463089951693,-7.04777578867226,-0.9548108713185919,-4.04768473822883,-0.8854558135682009
neg_mean_absolute_percentage_error,3,-2.4622283522562265,-0.7642859547932945,-1.058475799723971,-0.946552737377227,-1.3546263815484023,-0.5581332116122661,-3.917286113660471,-1.476420669025791,-0.5051521474478208,-2.8370011574281846,-0.8499503495209574,-0.9307936493323057,-0.7708629786317742,-2.768997388827494
neg_mean_absolute_percentage_error,4,-1.6629972044180943,-0.953759118432107,-1.408546228772923,-1.0316661039257737,-2.113417238553242,-2.739930982228692,-0.6803165692240872,-0.6236127743501468,-0.8241892063082268,-0.5958794207446396,-0.86803171226164,-0.8302376777047435,-0.7215408558869407,-0.4543773745870747
neg_mean_absolute_percentage_error,5,-0.6948539546269149,-1.5295881637911029,-0.6654965377321431,-0.6527238327991838,-0.6425197056268019,-0.8137943500079182,-1.0278160184051366,-0.5745804089274394,-4.2756426163908285,-1.10453708482049,-1.2288013499578834,-0.3743803294052181,-0.5251584109049413,-0.39764130624904853
neg_mean_absolute_percentage_error,6,-1.2317508297475295,-1.2015977609966608,-0.7875818687024686,-0.6572838115599714,-0.7887852920252725,-1.2141910221444727,-0.8415905761562922,-1.9189276682184646,-2.4740453165021266,-2.207035772691817,-0.8258427945818082,-0.6290029884797917,-0.6077681012675895,-2.2026209397166645
neg_mean_absolute_percentage_error,7,-1.22330600528981,-1.5269903534521998,-0.7782993789061363,-1.8454841702389715,-0.6257642463020501,-0.6360110325592768,-0.9967653748447614,-0.6667076064239577,-0.7386051137026118,-0.6344397437610421,-0.6914455263147369,-0.8768299876862744,-0.6584656554688463,-0.5760046752749186
neg_mean_absolute_percentage_error,8,-5.936607700955125,-1.6644039734729494,-0.7037415949212863,-1.3251994021686453,-2.3889700046878812,-0.6193138704564725,-4.21476350113754,-0.8924255410142719,-2.233122678924859,-0.5353526738353448,-10.326960485860774,-0.7986042793807896,-4.137290749488277,-0.504593508818066
neg_mean_absolute_percentage_error,9,-0.8875465948216339,-0.9054882665334679,-0.894856570657973,-0.6230709194752647,-0.692971791993176,-0.5667921482043836,-0.7545540519243743,-2.407214618745136,-0.7364046820069345,-1.3720429340892784,-0.6163764071276019,-0.5344217126961642,-1.5023923368461345,-0.5540349546216528
neg_mean_absolute_percentage_error,10,-1.2803624905629547,-0.6312366604575212,-2.7439129884600897,-1.2408183753036466,-1.165121395986325,-2.509670540451577,-1.0583477228968092,-0.741534577585228,-0.70744738634284,-0.7968673072965875,-0.992379183283488,-1.0043543028083555,-0.5596930736592488,-1.0439765795804723
neg_mean_absolute_percentage_error,11,-1.5922889320846785,-0.8089630266295798,-1.5269405735007577,-1.0054373864854562,-2.856398483751823,-0.848446489113869,-0.8751792336104184,-1.0322272827888672,-0.6812803914644343,-1.1204757027188277,-1.1902952080658307,-0.5983618097725825,-0.715132386512959,-2.5592429868043625
neg_mean_absolute_percentage_error,12,-1.230640157790965,-1.7679620018891644,-0.9920479912502291,-1.2502811705596735,-0.5906814265991396,-2.1253149080944844,-0.7632297401936545,-1.3931604235161725,-2.8803794311000654,-3.899411459056553,-0.7121613003147145,-0.5173921886895484,-0.6416192217577426,-0.6342036497998148
neg_mean_absolute_percentage_error,13,-2.581973959513654,-1.501230478311975,-1.485152611678488,-1.261133339078539,-0.5636739768517235,-0.4494313976550482,-4.3669759493226605,-0.5753059096457875,-1.1774729910237032,-0.6008255377262051,-6.097193716437906,-1.07641575074772,-0.8699321794887479,-1.0538913403763386
neg_mean_absolute_percentage_error,14,-0.6105096809909871,-0.5974579925235561,-0.9046790606145875,-1.0207967356256789,-1.0951376205312269,-0.6466163459370284,-0.9736876766377773,-1.4491237180212195,-0.6697274747317159,-0.629220312717831,-0.712492980712181,-0.443621559760567,-5.812932219328537,-0.6862807562490604
neg_mean_absolute_percentage_error,15,-0.8838508237761881,-1.1188100755160304,-0.6417183665615863,-0.8003430617014906,-0.5805020113990232,-1.1569727863970438,-0.6451102698542159,-2.177608095264718,-0.5600127958478657,-0.5243656399100136,-1.4350211662385666,-0.8407657501216659,-0.8034477846577224,-0.695693510376208
neg_mean_absolute_percentage_error,16,-0.8801425206629936,-0.8550998732898575,-0.9763039931579989,-0.7712609095557436,-0.8201558767877872,-1.7742310857887251,-3.841866278253993,-1.833192924911767,-0.5958736241942069,-2.8288576946508828,-0.6936398645895194,-0.5233019283274714,-0.5624496651673523,-0.6828000393789597
neg_mean_absolute_percentage_error,17,-5.864257661848977,-0.6133942460562509,-0.8498503150645234,-0.9193808216481574,-3.431629388195458,-0.6815730793773465,-1.188729481564798,-0.5787833711453954,-0.7617569816133811,-0.6200460595781099,-8.047362065311416,-0.419802424391065,-0.7026317771643077,-0.7168486270591125
neg_mean_absolute_percentage_error,18,-1.5992269100255676,-1.1420651809526798,-1.1513713089993154,-1.379243604712958,-0.7077216030969934,-0.9075882895221337,-0.5649641341254912,-0.9759276214544829,-0.8721175721242983,-0.7998184203828467,-0.7424005497005762,-0.9984053308974381,-5.046182004967422,-0.5119837053263421
neg_mean_absolute_percentage_error,19,-1.2606551041226512,-1.3101641347808046,-2.504452474216011,-1.3887567874378994,-0.5854355712834439,-0.8606216304054268,-0.9928270451161498,-0.7583936242880813,-2.1932458912163737,-0.6948856005123861,-0.5544364716515966,-0.6701511886317816,-0.606532739409011,-2.2228239112768695
neg_mean_absolute_percentage_error,20,-0.968849619421933,-1.9686813895623994,-0.7984308342365461,-0.7207531756502736,-0.8447360033913154,-0.5861944445073081,-0.7170707469603311,-3.267295291672988,-1.1729963758184472,-0.5515238988314395,-1.0480818347693708,-1.3191480779912022,-1.3216617755387785,-0.4389591483451892
neg_mean_absolute_percentage_error,21,-1.7689636257837915,-2.5726068580491095,-0.6548491592713833,-1.15157508698127,-0.5386297984366106,-0.8363261840204632,-1.0118461986748117,-1.564453391528362,-3.287789518024706,-3.35757842738647,-1.4310347174662763,-1.1815429383695761,-1.5119995540687425,-0.8850777301763795
neg_mean_absolute_percentage_error,22,-0.8132443921723796,-0.8260650787392967,-1.43534506447242,-1.7842374121388875,-0.5841780277408114,-0.6485307502157062,-0.6632615358718912,-0.5178737633986895,-2.5046700418638204,-0.4745886813964465,-0.5428115960637492,-0.6338115326839685,-0.9657816184197334,-0.5634127408074842
neg_mean_absolute_percentage_error,23,-1.1302517628111677,-1.145928379343056,-0.6614876398884552,-1.10119558680443,-2.1822419958148283,-2.433182012015202,-0.6601150622375034,-1.0818090453675282,-0.5199159322108118,-0.3890405718341389,-0.676183097945464,-0.7872488722319906,-3.3312677970583175,-2.5450731306392713
neg_mean_absolute_percentage_error,24,-1.2518230849109884,-0.5729801287313988,-1.096546605907652,-1.23262975195526,-0.7778330496243975,-0.6973558013768467,-1.0000935247044884,-2.9581725950077247,-0.6139778785298345,-0.6781973466079732,-0.8575632379766636,-0.3866147753353657,-0.5776096092023573,-0.47836974531212
neg_mean_absolute_percentage_error,25,-3.44991099509886,-0.9348639545245927,-1.2721207434267847,-0.9793145231285538,-0.7720149077198651,-0.8238325410538034,-4.09003977893415,-0.6293198564494845,-0.590947227900485,-1.4139583252130405,-13.90055204784316,-0.5599703514830282,-0.6928228445715404,-0.589110478667457
neg_mean_absolute_percentage_error,mean,-1.7440938487149849,-1.1619023395580883,-1.1692887714031353,-1.1069027801374072,-1.122701688155615,-1.0718701071339118,-1.4999172230850784,-1.4619611242700905,-1.322937498801618,-1.1970739842383282,-2.5090867272700517,-0.7365708299980396,-1.538733678750084,-1.0136921575034068
neg_mean_absolute_percentage_error,median,-1.2518230849109884,-1.1188100755160304,-0.9763039931579989,-1.0316661039257737,-0.7778330496243975,-0.8238325410538034,-0.9736876766377773,-1.0322272827888672,-0.7617569816133811,-0.6948856005123861,-0.8575632379766636,-0.6701511886317816,-0.7708629786317742,-0.6862807562490604
neg_mean_absolute_percentage_error,std,1.3763778196321936,0.4739226984883427,0.5876570593618562,0.326317023758272,0.7922146605884083,0.6634083427808091,1.3046715966649962,1.133541343613307,1.023796888056808,0.9865373848755679,3.5240485063977376,0.2545839758473668,1.5402325874340455,0.7479628210980239
neg_mean_squared_error,1,-0.30804698351778403,-0.6667597936110713,-0.08426436371450867,-0.23422804679022877,-0.07732216804690553,-0.23296086984351722,-0.1608872452587741,-0.09492602436714896,-0.08593847380286786,-0.13148399770664118,-0.05056111573172029,-0.1783075800320666,-0.17865570269655812,-0.10361121999180918
neg_mean_squared_error,2,-0.22734163573688987,-0.1433548552656588,-0.1651528024349853,-0.20444886774216056,-0.1502154781904645,-0.21165777470649563,-0.23998211071763687,-0.17837881630017285,-0.14092441777904194,-0.0346711728806115,-0.0687841492153986,-0.14002380581587193,-0.26554673141989366,-0.16090121046456704
neg_mean_squared_error,3,-0.3930185548726388,-0.24646564559242432,-0.21003124340993223,-0.2701006333565762,-0.16052750938747118,-0.19499792332223806,-0.18852550792639386,-0.23591756828082217,-0.08922358258254336,-0.13048793285663285,-0.2725451778852997,-0.09489028912243336,-0.09374590958992154,-0.06751823111516524
neg_mean_squared_error,4,-0.32234987660709663,-0.190148592203507,-0.15928773699679577,-0.13455689144615293,-0.25244130369700124,-0.1153130430899754,-0.10579410300972336,-0.07733503493028382,-0.0686472963493078,-0.1089085233487062,-0.07084231794769438,-0.03778488680816984,-0.12267398878341884,-0.06220996834732889
neg_mean_squared_error,5,-0.1796806278079944,-0.1575522513843465,-0.43558749443437433,-0.28938093576574725,-0.1495187849742548,-0.13690570032298743,-0.11748186968405773,-0.08465365369286498,-0.26584661848918484,-0.10943593950592735,-0.21878451491540016,-0.09244046508168167,-0.11237133632801985,-0.12883116160387187
neg_mean_squared_error,6,-0.23801222930743973,-0.14198879864021843,-0.17992732112141926,-0.19541634605924257,-0.1776285024423528,-0.17338520383873354,-0.1610943496470794,-0.18851693210196366,-0.17805728147498567,-0.12068328308377203,-0.06651768193811919,-0.11902380688692359,-0.08452187551120698,-0.12435035875759702
neg_mean_squared_error,7,-0.7634143457240159,-0.19360056116517554,-0.1522062353764992,-0.17254891411692572,-0.28665961410883833,-0.0881845545973141,-0.14945899407127886,-0.08642749389289571,-0.08190816378404273,-0.06651348120541427,-0.16293458163757504,-0.12640930843798595,-0.21585079898986728,-0.1630284449472496
neg_mean_squared_error,8,-0.3159233397129761,-0.41752618635229244,-0.24294842030989663,-0.34925538418407887,-0.08682449402371821,-0.09047504125168664,-0.2996235380115049,-0.09755873022579208,-0.17817616068014408,-0.14728657180391705,-0.14290000005463524,-0.1196120780922452,-0.11121639741799567,-0.09378226925643164
neg_mean_squared_error,9,-0.2187993523023711,-0.46665646770249036,-0.30749808917381893,-0.19495108008098586,-0.12863841654153216,-0.40913844681192396,-0.16419195617655474,-0.18170525586853742,-0.14078337225700382,-0.0957478655029522,-0.0736266642763104,-0.06638250054262877,-0.1955463678517752,-0.08955162275865569
neg_mean_squared_error,10,-0.18563871976715032,-0.19490895389463656,-0.16500201170020795,-0.22503804462198226,-0.08998437330408438,-0.3947823022003002,-0.4089129126022795,-0.15282631916145234,-0.08291787348331775,-0.15314638887321122,-0.2244648104637969,-0.06412810619851778,-0.1897897938448489,-0.05488985840249188
neg_mean_squared_error,11,-0.38355636050290626,-0.21840555998459568,-0.19173363797107604,-0.20462824327401896,-0.12242672087518745,-0.18434344105710665,-0.15370624259270557,-0.1314011112073822,-0.1661945286182284,-0.11074305042587299,-0.11497917828635829,-0.08947906613881376,-0.2837658998336937,-0.055232928038165915
neg_mean_squared_error,12,-0.15208805558294108,-0.41908425763241464,-0.3650261329389788,-0.18826353305433755,-0.10524672061971058,-0.12187265880741849,-0.15076871708911393,-0.12577945342688523,-0.14326709004995014,-0.14068461887436198,-0.13141470338688596,-0.09589348297342971,-0.11605919477180253,-0.09630242366420139
neg_mean_squared_error,13,-0.5188435485710835,-0.20254415620947389,-0.17434409663651793,-0.13029367610695802,-0.12419792797651373,-0.3431424852800091,-0.1970356184747789,-0.12161183005635638,-0.05410918211505654,-0.11460503666260945,-0.07773401752402828,-0.20120543782340505,-0.13179246732551203,-0.180882269540989
neg_mean_squared_error,14,-0.24044229064400222,-0.31877131901050426,-0.1717044399924827,-0.1054232951594156,-0.1596328270607721,-0.12574326752435983,-0.11648367871357851,-0.1480279825343701,-0.16200828310494764,-0.13131788512249912,-0.2229075331740927,-0.0748874680115181,-0.1278190904547537,-0.11593436563008833
neg_mean_squared_error,15,-0.2268187753075508,-0.22150122888155357,-0.09563764196051183,-0.2936073068028856,-0.2448231422317084,-0.17071183232428486,-0.15011000973262897,-0.20189236954153345,-0.0854987860298847,-0.16098588203794992,-0.09438116705281177,-0.2673108804436076,-0.12516173896651697,-0.28181371491205337
neg_mean_squared_error,16,-0.3732480097281064,-0.3290069451891855,-0.17300769366927482,-0.2656923218118156,-0.11351880322819709,-0.13202576452833872,-0.12987671277330995,-0.10746855963723119,-0.1546463283945912,-0.09997336323376782,-0.08754104384640574,-0.07538780922648039,-0.08851523475608428,-0.0682217339761698
neg_mean_squared_error,17,-0.23027398541577912,-0.142936126159705,-0.23413854710979617,-0.12180479278699673,-0.07694641234152849,-0.16151223602354878,-0.20697383460679547,-0.21888334766458692,-0.12596645534156825,-0.09210886029664853,-0.08927283607411376,-0.07813373196089722,-0.09997312336692042,-0.1219809199588846
neg_mean_squared_error,18,-0.2563012126563514,-0.443577837151637,-0.18519553038156839,-0.2499692132794279,-0.12951000571588256,-0.09875472368326277,-0.465104132357737,-0.11051299169510495,-0.08452427997254842,-0.142643813402843,-0.20895835634123403,-0.22949164648607998,-0.33313849986318156,-0.08139812152351186
neg_mean_squared_error,19,-0.43549457275445685,-0.20440913405392533,-0.31325838081498625,-0.1398939086150456,-0.21337061287794093,-0.8349621221894504,-0.11006048084662866,-0.14734804476895355,-0.11340125984264225,-0.09662616886555402,-0.09698293828278048,-0.10078237939156556,-0.1067047348058541,-0.10075027708516622
neg_mean_squared_error,20,-0.2685994458718816,-0.23201557889202268,-0.17091089236538118,-0.21412868498519638,-0.3048422412596175,-0.0941232788953349,-0.15264399115495023,-0.14761317723768422,-0.10181797380871407,-0.12405551617167208,-0.1573012826903976,-0.06273700122463512,-0.15908641304016624,-0.12488481121619888
neg_mean_squared_error,21,-0.329381585531871,-0.268001593072393,-0.3764086408846205,-0.4568518269997693,-0.16156997730444891,-0.1536592505442652,-0.15569899887618574,-0.1326009255476632,-0.09628661064207573,-0.10700629163047903,-0.10367248223958388,-0.15443364295851505,-0.07470856384424675,-0.14044480692371455
neg_mean_squared_error,22,-0.2010154828952877,-0.44725815384996803,-0.12726028659047628,-0.12632182619658652,-0.10802567256898946,-0.2504508071921694,-0.14465987835776398,-0.12309975042293418,-0.12082301000697263,-0.08086744210313329,-0.07031635763131065,-0.11268749414588466,-0.14585198669928184,-0.11468637381795942
neg_mean_squared_error,23,-0.31187331401837387,-0.22849935262931328,-0.09408468790254756,-0.17807929577793086,-0.21612838431542986,-0.0925756213097836,-0.15431938744233198,-0.09548305119105874,-0.07575084496608817,-0.15398410732175197,-0.1504204421594377,-0.0668318854444512,-0.2960033103343504,-0.06662369656917944
neg_mean_squared_error,24,-0.21846314981564594,-0.32320115274555794,-0.28892185996737124,-0.1691355757428557,-0.13588600640064646,-0.1544999024076802,-0.2031893719246511,-0.1068780550316268,-0.11894631624328834,-0.06167154221571715,-0.1536841032749954,-0.09431667733901974,-0.1014113785755957,-0.09649949648035998
neg_mean_squared_error,25,-0.6007083910166573,-0.17637746104532318,-0.18981846544151965,-0.13242235685498321,-0.16924334786147027,-0.2524506918381721,-0.2276175727251737,-0.17615853963112105,-0.2282969281075518,-0.156600613949546,-0.24484646374098046,-0.07497940987508755,-0.10181819089166269,-0.08879581708222321
neg_mean_squared_error,mean,-0.3159733538267701,-0.27978207849277575,-0.2101342661319819,-0.20985764006449215,-0.15780517789418666,-0.20874515774361427,-0.18856804859094467,-0.13892020073665706,-0.12575844471706193,-0.11488957396328768,-0.13425495679085467,-0.11270243361847662,-0.15446914919852517,-0.11132504408256136
neg_mean_squared_error,median,-0.2685994458718816,-0.22849935262931328,-0.17992732112141926,-0.19541634605924257,-0.1495187849742548,-0.16151223602354878,-0.15569899887618574,-0.1314011112073822,-0.11894631624328834,-0.11460503666260945,-0.11497917828635829,-0.09489028912243336,-0.12516173896651697,-0.10075027708516622
neg_mean_squared_error,std,0.13944561647437895,0.128585008115274,0.08892525633428415,0.07912463299169246,0.06205922517049538,0.15522601199641003,0.0853460398259569,0.04293860689674533,0.05009133824181627,0.0313683272427949,0.06371924816988572,0.05463783211911999,0.07120013081287356,0.04817060792823262
neg_median_absolute_error,1,-0.18169519346027974,-0.16922958308740688,-0.13676076690980105,-0.15148317451938417,-0.1297410499877154,-0.11937613121629331,-0.21311054407014296,-0.10887515025713013,-0.10652941667271787,-0.12046070672540465,-0.11695382588259418,-0.08367096913216665,-0.19508692051131815,-0.10190328164744328
neg_median_absolute_error,2,-0.21824156107802428,-0.11979747709753008,-0.0957612860763328,-0.18872134038638355,-0.15010094039732902,-0.1197971688739323,-0.253463847432856,-0.1119524180706799,-0.10676696558518536,-0.05958489655492176,-0.1266064320489373,-0.0797436093749524,-0.20155769321073508,-0.09425663417313311
neg_median_absolute_error,3,-0.23113335789695816,-0.19108815984271743,-0.126499347464684,-0.16169037757428706,-0.11447733512178142,-0.13509503463308464,-0.2405832963856187,-0.15174984938905436,-0.11178670355301479,-0.08915886919025984,-0.09185643649369629,-0.08739025684926233,-0.13697911453247105,-0.111240514447707
neg_median_absolute_error,4,-0.21278319981848248,-0.17640520954510763,-0.16386230495058546,-0.16499416329429067,-0.09563359424695103,-0.15546341596949587,-0.15098906293539394,-0.13289431157266357,-0.09280012989231046,-0.09732569676486458,-0.14285048409935025,-0.08161625773600834,-0.1586742309225883,-0.07806602855150604
neg_median_absolute_error,5,-0.17270177493582795,-0.14588429238552775,-0.13364814955570525,-0.210096349176379,-0.13112377951939116,-0.1358029648745942,-0.23318797873859287,-0.10584191197349724,-0.13013345569035736,-0.12783425964706085,-0.16181502469871623,-0.0664660123149669,-0.15512112585254897,-0.08594675707094884
neg_median_absolute_error,6,-0.18374557002226954,-0.18587335433727814,-0.14262802688389464,-0.1667350765652443,-0.14947721968659478,-0.13363426776532994,-0.21545755030830965,-0.18425912401890343,-0.10633781700244338,-0.1401267656421159,-0.1028771331066356,-0.10042076836160763,-0.14548483741684315,-0.09464676924835314
neg_median_absolute_error,7,-0.2494003490855896,-0.19090913119153344,-0.14115087021456857,-0.17555933890424175,-0.08296872599677002,-0.10414445283907622,-0.22845004266116048,-0.13461920401475447,-0.09633735457430598,-0.08616783361357305,-0.13040264889225867,-0.09737771477489243,-0.13809264470826066,-0.11286607726112297
neg_median_absolute_error,8,-0.20869614270627246,-0.14671549683745433,-0.17253073476475778,-0.18083963295658756,-0.1009479115509199,-0.14702861365237194,-0.22158016025650618,-0.1317616194042749,-0.1344145379157704,-0.1373535554824279,-0.20300028413943316,-0.08811850898967288,-0.2117909029764588,-0.07848217263174107
neg_median_absolute_error,9,-0.1981886182117205,-0.20186889242129658,-0.16360010940955583,-0.11547374836072069,-0.18550354137748437,-0.10097996196942322,-0.19805900667006426,-0.10215916071582598,-0.07640795448182247,-0.09371044506782433,-0.11240957555720398,-0.09662345362946767,-0.1842001186959269,-0.09516694934864622
neg_median_absolute_error,10,-0.18249001626828742,-0.13724323395282334,-0.14352549237240608,-0.1640511024602006,-0.12668916159612226,-0.15406423095694138,-0.1938399125732686,-0.12964448639608128,-0.1780403089936956,-0.09240565998292305,-0.13038357562191494,-0.0701722955295569,-0.16926384375889253,-0.0874552793617992
neg_median_absolute_error,11,-0.2175618590803078,-0.15409988684453335,-0.1310853852738944,-0.15416883959147765,-0.1358707325655795,-0.13680389850978447,-0.2170803576666152,-0.10287061537383127,-0.144052732059775,-0.15392129167676652,-0.14998179438387949,-0.07963957335489302,-0.1719765909572659,-0.07540010553750345
neg_median_absolute_error,12,-0.2025759489115148,-0.18086662087195537,-0.14736005571530067,-0.1526641897677245,-0.09592121049407121,-0.10041925116964878,-0.21104974352118522,-0.14433707184782185,-0.09923234261104508,-0.09373645407284015,-0.12438091400623989,-0.06346197223577402,-0.16220773396541932,-0.11061629832735534
neg_median_absolute_error,13,-0.220599236098469,-0.17181548712685424,-0.14345711036338843,-0.14710216404534004,-0.12421119680403658,-0.14316818381412072,-0.199579287313147,-0.11294518798470968,-0.10229341672266312,-0.14434997783137113,-0.14122103260190505,-0.12146205341846894,-0.16229910182300178,-0.11645531995314684
neg_median_absolute_error,14,-0.1928741115203911,-0.14766179113657135,-0.1261841018102513,-0.23038030009023913,-0.15030813419113465,-0.10854698782897712,-0.20359657034523804,-0.12289725508565913,-0.13157522153500212,-0.0830727620168289,-0.11375851124568848,-0.09571313845395396,-0.14821501402637033,-0.10274857431041931
neg_median_absolute_error,15,-0.28648919023649566,-0.14148507560797247,-0.11593780267955577,-0.17050528775756846,-0.10931714852687285,-0.16153152654405684,-0.2604620352963875,-0.11663602061179623,-0.0992993467620594,-0.09005357896276393,-0.10593372179082011,-0.07806602855150643,-0.17233374826331838,-0.10358086247088914
neg_median_absolute_error,16,-0.2598533682009812,-0.15433743575700176,-0.15662947932391813,-0.2330389509976994,-0.12709003054642715,-0.12552363821941948,-0.1989688883621603,-0.11260118793028953,-0.10214083055991094,-0.103523642659857,-0.11756695721271365,-0.07396961026169768,-0.15260376827098232,-0.10798938882087453
neg_median_absolute_error,17,-0.16411552119226347,-0.14354369867591665,-0.13963361632917698,-0.15259483242101912,-0.12427991237010039,-0.09362277304675543,-0.20576222246393722,-0.16567339866644115,-0.10165597935809545,-0.10251449326528808,-0.14416531389576703,-0.08296872599676974,-0.13775952302339783,-0.12124097687584434
neg_median_absolute_error,18,-0.2568055462966799,-0.20222001398899275,-0.13490610811054712,-0.21805788796165904,-0.12007459685334188,-0.12157779349078406,-0.1823723274093163,-0.100680858411755,-0.13681907042937577,-0.11469971211465668,-0.17190001639315128,-0.10908176703149053,-0.205312321247673,-0.08797545946209273
neg_median_absolute_error,19,-0.17128316949088662,-0.15497378941302675,-0.16209462150262338,-0.1402417161553492,-0.13440543476401545,-0.14683730567760672,-0.22765011771175447,-0.09195743812983698,-0.10330776791823533,-0.0784793240264301,-0.11432258154194491,-0.08239652788644802,-0.16329109257115895,-0.07978262288247423
neg_median_absolute_error,20,-0.22791456994537085,-0.160377668281165,-0.15810028855749747,-0.19518101737588822,-0.1428934271058984,-0.1212577537161823,-0.22696646758879988,-0.1588911790516524,-0.14005849200395126,-0.07135570525772283,-0.1264704124466051,-0.069209962344014,-0.19195187488280638,-0.08438621677006947
neg_median_absolute_error,21,-0.21179467184931922,-0.15138974852200593,-0.15740129654772836,-0.20848801906098666,-0.11891317092703224,-0.10555046662286094,-0.1727370780317231,-0.15310180675864704,-0.13870658107901124,-0.09699018060017392,-0.1382794760609467,-0.10967997414682729,-0.14029282075389427,-0.09693556168964362
neg_median_absolute_error,22,-0.1757304616435843,-0.1830513772931881,-0.14442589935553346,-0.15171052625052228,-0.11086874705943428,-0.1464935533279962,-0.23878617393531348,-0.09467092046729486,-0.14712253776593476,-0.11171951362339405,-0.12409901500256626,-0.12541542218069734,-0.1638946938843034,-0.096233318554247
neg_median_absolute_error,23,-0.2160563768030308,-0.1660386703713893,-0.12583481738655916,-0.18859748798155182,-0.13732234467640972,-0.11681015709299034,-0.20541021220799305,-0.10219657446312014,-0.0997930843739201,-0.0746024960503874,-0.13697021164740547,-0.05209603704436694,-0.18479302476984877,-0.0947117917608897
neg_median_absolute_error,24,-0.20322136068205754,-0.14634400154916177,-0.13579301518154718,-0.16021598178148427,-0.09126219265531418,-0.13835273475840715,-0.2082326605709065,-0.12929076392788197,-0.09860967464575388,-0.07241928778421491,-0.14188822550673336,-0.0756862045926648,-0.15556072729500797,-0.0874682838643063
neg_median_absolute_error,25,-0.1694553866634816,-0.17720137408750047,-0.1357171555835877,-0.16881716429937532,-0.13225048032769565,-0.10665245842424663,-0.2269022652661179,-0.12851916344578057,-0.13177072255603012,-0.11218984313074121,-0.1190802478211505,-0.07233104294577375,-0.14541484532656365,-0.07580324511523054
neg_median_absolute_error,mean,-0.20861626248394186,-0.16401685880903646,-0.14138111369293604,-0.17405634678942417,-0.12486608077393693,-0.1271413889997752,-0.2133711123889003,-0.12524106711877533,-0.1166396977896955,-0.1019102780697925,-0.13156695408393032,-0.08571111548551602,-0.16616633254588226,-0.09525433960549551
neg_median_absolute_error,median,-0.20869614270627246,-0.160377668281165,-0.14115087021456857,-0.1667350765652443,-0.12668916159612226,-0.12552363821941948,-0.21311054407014296,-0.12289725508565913,-0.10652941667271787,-0.09699018060017392,-0.1266064320489373,-0.08239652788644802,-0.16229910182300178,-0.0947117917608897
neg_median_absolute_error,std,0.030776945778570184,0.021114054264609432,0.0166622080534941,0.028451910350920498,0.022034967902148487,0.019074252015987222,0.023878541439419025,0.02345246722368024,0.02262980587174552,0.024226044094554994,0.02307237679652602,0.017495525686471825,0.021851340981908964,0.01301026405666934
neg_root_mean_squared_error,1,-0.5550198046176227,-0.8165536073100598,-0.2902832473886646,-0.48397112185566277,-0.27806863909277063,-0.4826602012218505,-0.4011075233136049,-0.30810067245487954,-0.2931526459080113,-0.36260722235863035,-0.22485799014426927,-0.42226482215792804,-0.4226768300919251,-0.3218869677259537
neg_root_mean_squared_error,2,-0.4768035609524009,-0.37862231216036224,-0.4063899635017889,-0.452160223529404,-0.3875764159368633,-0.46006279430801145,-0.489879690044032,-0.4223491639629145,-0.37539901142523263,-0.18620196798264915,-0.2622673239566809,-0.374197549184748,-0.5153122659319237,-0.40112493124283244
neg_root_mean_squared_error,3,-0.6269119195490215,-0.49645306484341933,-0.45829165758273654,-0.5197120677419144,-0.4006588441398382,-0.4415856919355948,-0.43419524171321117,-0.485713463145528,-0.2987031680155792,-0.36123113494912484,-0.5220585962181828,-0.3080426741904981,-0.30617953816334875,-0.2598427045640597
neg_root_mean_squared_error,4,-0.5677586429171261,-0.4360603079890521,-0.3991086781777562,-0.36681997143851497,-0.5024353726570226,-0.339577742335942,-0.3252600544329466,-0.2780917742945372,-0.2620062906674338,-0.33001291391202586,-0.2661622023272545,-0.19438335013104863,-0.35024846721066294,-0.2494192621818309
neg_root_mean_squared_error,5,-0.42388751787236484,-0.39692852175718807,-0.65999052601865,-0.5379413869240284,-0.3866765896382335,-0.3700077030589869,-0.3427562832160159,-0.29095300942397034,-0.5156031598906128,-0.33081103292654457,-0.4677440698880106,-0.3040402359584693,-0.335218341276279,-0.3589305804802258
neg_root_mean_squared_error,6,-0.4878649703631526,-0.3768140106739908,-0.42417840718431116,-0.44205921103314044,-0.4214599654087595,-0.41639548969547396,-0.40136560595930415,-0.43418536606150565,-0.4219683417923502,-0.34739499576673816,-0.25791022069340175,-0.3449982708462806,-0.2907264616632049,-0.3526334623339042
neg_root_mean_squared_error,7,-0.8737358558077011,-0.4400006376872374,-0.3901361754266056,-0.4153900746490288,-0.5354060273370467,-0.29695884327178085,-0.3865992680687314,-0.29398553347553635,-0.2861960233546978,-0.25790207677607846,-0.4036515596867861,-0.35554086746531116,-0.46459745908675315,-0.40376781068734247
neg_root_mean_squared_error,8,-0.5620705825009668,-0.6461626624560509,-0.4928979816451845,-0.5909783280155702,-0.2946599633878315,-0.3007906934259879,-0.5473787884194133,-0.31234392938841005,-0.42210918099485123,-0.3837793269626662,-0.37802116350098075,-0.3458497912277022,-0.33349122539880366,-0.30623890878925175
neg_root_mean_squared_error,9,-0.4677599302017768,-0.6831225861457739,-0.5545251023838497,-0.44153264894114663,-0.35866198089779766,-0.639639309933281,-0.40520606631262907,-0.426268994730484,-0.37521110358970433,-0.3094315198924508,-0.27134233778809824,-0.25764801676440047,-0.4422062503535824,-0.2992517715213323
neg_root_mean_squared_error,10,-0.4308581202288641,-0.44148494186623916,-0.40620439645603046,-0.47438174988292103,-0.29997395437618307,-0.6283170395590909,-0.6394629876719055,-0.39093006940046493,-0.28795463789166126,-0.3913392248078529,-0.47377717385264234,-0.25323527834509507,-0.43564870462891186,-0.2342858476359421
neg_root_mean_squared_error,11,-0.6193192718646064,-0.4673388064184224,-0.4378739978248035,-0.452358533990483,-0.34989529987581636,-0.4293523507063943,-0.3920538771555583,-0.362492911940885,-0.40766963170958465,-0.3327807843398909,-0.33908579782461884,-0.2991305168965777,-0.5326968179308881,-0.2350168675609602
neg_root_mean_squared_error,12,-0.3899846863441449,-0.6473671737371417,-0.6041739260668063,-0.43389345818338576,-0.3244175097304561,-0.34910264795245893,-0.3882894758928111,-0.35465399113345003,-0.37850639367116395,-0.37507948340899955,-0.3625116596564667,-0.30966672887707797,-0.3406746171522066,-0.3103263180334555
neg_root_mean_squared_error,13,-0.720307953982936,-0.45004905978067977,-0.41754532285312207,-0.3609621532888982,-0.3524172640159868,-0.5857836505741767,-0.4438869433479418,-0.34872887757734716,-0.23261380465281192,-0.3385336566171958,-0.27880820921204647,-0.4485592913132054,-0.3630323227007645,-0.42530256234942787
neg_root_mean_squared_error,14,-0.49034915177249183,-0.5645983696491731,-0.4143723446279719,-0.32468953657211624,-0.3995407702109662,-0.35460297168010285,-0.3412970534791921,-0.3847440480817996,-0.40250252558828453,-0.3623780969132918,-0.47213084327767946,-0.2736557472656441,-0.35751795822693117,-0.3404913591122223
neg_root_mean_squared_error,15,-0.47625494780374805,-0.47063917057715626,-0.309253362084411,-0.5418554297992091,-0.4947960612532282,-0.41317288430423993,-0.38744033054475496,-0.44932434781740177,-0.2924017544918031,-0.4012304600076494,-0.3072151803749479,-0.5170211605375622,-0.35378205009089564,-0.5308612953607122
neg_root_mean_squared_error,16,-0.6109402669067626,-0.5735912701472936,-0.4159419354540665,-0.5154535108152971,-0.33692551584615416,-0.36335349802683714,-0.360384118369983,-0.3278239766051763,-0.3932509737999274,-0.31618564678645333,-0.2958733577840454,-0.2745684053682805,-0.2975151000471813,-0.2611929056773361
neg_root_mean_squared_error,17,-0.479868716854703,-0.3780689436593609,-0.4838786491567862,-0.34900543374995857,-0.2773921634464977,-0.40188584949404327,-0.45494377081876336,-0.46784970627818817,-0.3549175331560393,-0.3034944155938434,-0.298785602186775,-0.2795241169575484,-0.3161852674729176,-0.349257669864077
neg_root_mean_squared_error,18,-0.5062620000121987,-0.6660163940562102,-0.43034350277605954,-0.49996921233154734,-0.35987498623255626,-0.3142526430807906,-0.6819854341243199,-0.33243494355302805,-0.29073059689779546,-0.377682159232923,-0.4571196302295866,-0.4790528639785801,-0.5771815137919626,-0.2853035603064074
neg_root_mean_squared_error,19,-0.6599201260413694,-0.45211628377434643,-0.5596948997578826,-0.37402394123243715,-0.46192056987965036,-0.9137626180739998,-0.33175364481287717,-0.3838594075556226,-0.33675103539951035,-0.310847500980069,-0.3114208379071325,-0.3174624062650026,-0.3266569068699667,-0.3174118414381641
neg_root_mean_squared_error,20,-0.5182658061958956,-0.4816799548372578,-0.4134137060686077,-0.4627404077722156,-0.5521252043328737,-0.3067951741721745,-0.3906968020792469,-0.38420460335306267,-0.31908928814473553,-0.35221515607888326,-0.3966122573627769,-0.2504735539425971,-0.3988563814710331,-0.35339045150682674
neg_root_mean_squared_error,21,-0.5739177515392524,-0.5176887028634033,-0.613521508086408,-0.6759081498249369,-0.4019576809870026,-0.3919939419739356,-0.3945871245697023,-0.364144099976456,-0.31030083893227833,-0.32711816157235757,-0.3219821147821473,-0.39298046129358016,-0.27332867365910724,-0.37475966555075607
neg_root_mean_squared_error,22,-0.4483475023854685,-0.6687736192838112,-0.3567355975936187,-0.3554178191883273,-0.3286725917520192,-0.5004506041480711,-0.3803417914951813,-0.3508557401880924,-0.347596044291319,-0.28437201357224534,-0.265172316864545,-0.33568958003769594,-0.38190573012103635,-0.3386537668740146
neg_root_mean_squared_error,23,-0.5584561880921134,-0.47801605896592353,-0.30673227398261754,-0.42199442624036027,-0.4648961005595012,-0.3042624217838667,-0.39283506391656536,-0.30900331906155754,-0.27522871392005627,-0.3924080877374369,-0.3878407432947674,-0.258518636551509,-0.544061862598685,-0.25811566509838074
neg_root_mean_squared_error,24,-0.4674004170041421,-0.5685078299773522,-0.53751452070374,-0.4112609582039799,-0.36862719161864127,-0.3930647559978892,-0.450765318014431,-0.3269220932143112,-0.34488594671759004,-0.24833755699796425,-0.3920256410937879,-0.3071102038992188,-0.3184515325376779,-0.31064368089558814
neg_root_mean_squared_error,25,-0.7750537987886114,-0.4199731670539478,-0.43568161017137236,-0.3638988277735767,-0.41139196377842663,-0.502444715205735,-0.4770928344936378,-0.4197124487445197,-0.477804278033958,-0.3957279544706767,-0.49481962748155056,-0.27382368391921025,-0.31908962830474874,-0.29798626995588773
neg_root_mean_squared_error,mean,-0.5506927796239777,-0.5166650983068342,-0.4487473317189541,-0.45073514331912246,-0.3900171450556849,-0.4360110494368286,-0.42566260369067044,-0.3683870596567651,-0.3481021169174797,-0.33516410202578567,-0.3563678582955672,-0.32709752853499086,-0.383889676271256,-0.32704384506987566
neg_root_mean_squared_error,median,-0.5182658061958956,-0.47801605896592353,-0.42417840718431116,-0.44205921103314044,-0.3866765896382335,-0.40188584949404327,-0.3945871245697023,-0.362492911940885,-0.34488594671759004,-0.3385336566171958,-0.33908579782461884,-0.3080426741904981,-0.35378205009089564,-0.3174118414381641
neg_root_mean_squared_error,std,0.11274225603910563,0.11331043501975083,0.0935953973606657,0.08182585558112024,0.07544404851808718,0.13652663664138828,0.08590341326294283,0.056667230513763434,0.06770052373971137,0.0505430378641453,0.08518747774576473,0.07556216278520256,0.08424883174783784,0.06608606119653755
r2,1,0.7583291099936319,0.40804188810155184,0.8420239916491479,0.7702910869522455,0.8538699875507032,0.7925683030933426,0.8720363872156033,0.8717060707953624,0.877064358188169,0.7823550279080154,0.9252440520234047,0.8670373891693531,0.8450626384347597,0.9120685163646143
r2,2,0.773276076136122,0.8198848493482611,0.7983135204669147,0.7309569791067984,0.7993885460218415,0.8085615501658814,0.7413741378895728,0.6950205680181467,0.7929126499445018,0.9394360252890244,0.8744827859916225,0.8781901482388758,0.759557531051556,0.85112571573819
r2,3,0.5952872271513421,0.7117718920325756,0.7839772687962691,0.7306660496849855,0.7791881972849359,0.809775050657592,0.8621900108418448,0.7267650519507748,0.864504379769034,0.7864198636002407,0.6901104180179718,0.8438251880143092,0.872285018307104,0.9061697483564939
r2,4,0.7455724250526978,0.7494481364982788,0.7285701899506603,0.8417400295165444,0.7300426408486904,0.7883648592518431,0.8970632809902737,0.8683778904090865,0.8967023237076679,0.8475891296927947,0.8932683372678777,0.9593945594470783,0.8575894355863626,0.9289464974225142
r2,5,0.780598494930426,0.8114437247249248,0.5233276684357921,0.776779969834684,0.8243820915129115,0.7918051025667211,0.8785445205727674,0.8174305311368214,0.5830052987096135,0.8437450607043996,0.6468138012411031,0.9162984027264939,0.894050698574508,0.8995216304443255
r2,6,0.789178568073039,0.7845714915775333,0.7361009346073619,0.7602749817485803,0.773266627550943,0.6866325164160623,0.7792693728707724,0.7368647091043479,0.7778763354305581,0.8286672193549959,0.879319709551721,0.8937668444807129,0.9279280645210745,0.9049905910936756
r2,7,0.44819267879656144,0.753818645705635,0.8173602346676281,0.7593650763360532,0.6996288493769744,0.8810773169233674,0.8708746032296022,0.8353884760450333,0.8693252660753125,0.8842935461190911,0.6719254613483264,0.8675582267386888,0.6752467913160262,0.8473456656967977
r2,8,0.6678840827742514,0.6238618561103644,0.6225927581685982,0.7376749010819796,0.8694800985868311,0.8735067621649855,0.6330870143193277,0.8593485329304662,0.7298757785096183,0.7459634286921022,0.8015468388310567,0.8895827952532782,0.872814435524154,0.8742458331997643
r2,9,0.7752478699252099,0.5845155542498917,0.6720309673442283,0.8134869212795869,0.838806447384905,0.7055140650294478,0.8351510904104298,0.7719350510286525,0.798042374451124,0.8627344106843239,0.8802859870848674,0.9427619962051326,0.8113432150211317,0.927233730535688
r2,10,0.7825182409589327,0.6830152131689226,0.7710741999453258,0.7837426655442736,0.8418877679344141,0.6072697267756726,0.7785123133800051,0.7296227902593379,0.8633528610020151,0.7851469548018348,0.7812021633172241,0.9256681250692996,0.8382854253186258,0.934208621686
r2,11,0.6986708428682029,0.76181341366348,0.6956924206924978,0.8142995172466516,0.7927519336771256,0.8173316182420793,0.8606517998633009,0.736440977151416,0.7330682056275752,0.8381290056936959,0.819621053642736,0.8418077865812197,0.7725432157975014,0.9450640119878913
r2,12,0.829447649315678,0.5666226909930857,0.6615263777121507,0.774416672438643,0.8398513079426754,0.8161122375744013,0.870165571283246,0.7811279268809294,0.8086611677997491,0.6877940715460482,0.7794512766343857,0.9014481054847807,0.8808058589201349,0.8883098098465095
r2,13,0.5117796628849937,0.7925126850659545,0.7501343842484742,0.8770589731177089,0.8687685834786008,0.7173410858240454,0.8359566670010581,0.8132149108325152,0.8737141975598165,0.7920171173642454,0.8782362349657844,0.8504816470786081,0.8587263986978286,0.8390982832776581
r2,14,0.786489903429081,0.6710943676103123,0.7785024777657761,0.8721255984600508,0.7736824810150935,0.8704568690311643,0.9077442988692551,0.744082733201521,0.7944369518275621,0.810698719272142,0.7637837887186152,0.9173576858652637,0.8488110928871944,0.8405283992213487
r2,15,0.7640128882817216,0.5787098272827873,0.8505126485325266,0.7286561699594408,0.7299689447854775,0.7089931072350935,0.8223484500255629,0.7894872491010244,0.8919169123456684,0.8225614721568918,0.8409014032392595,0.7994874903748306,0.8660402904137767,0.7888187132681952
r2,16,0.6904242290942316,0.6518566610038758,0.7765516897514471,0.7128940420996221,0.8157445587575729,0.8054494436020732,0.8664296694105181,0.8203085629228359,0.8046111799982387,0.8272535543539915,0.8584757739667923,0.9133224701560401,0.897222292718942,0.9229868192906105
r2,17,0.7786315314135456,0.7976221198643753,0.70343300683205,0.8278631937490606,0.8722100810966533,0.7955897738742815,0.796735242613503,0.7240324204476569,0.7857780044620502,0.8348678440677408,0.8435059065514408,0.9260401795558018,0.8799931033468976,0.9012471630363814
r2,18,0.7123192813044059,0.6404421271361186,0.7384743499866153,0.7981278148688841,0.8333972762545682,0.8646643509961595,0.735825169703542,0.8016179011961189,0.8559830998753,0.8214178333862266,0.7595469075675291,0.8471637216355521,0.7540987330123403,0.9361669525054382
r2,19,0.6289373339689345,0.7247050028263554,0.6773342054565024,0.8089954469652566,0.7493310082907969,0.4451400898393706,0.877158701669728,0.7959227655274568,0.834877065282921,0.8375783772776045,0.8581264346225593,0.8950906352354377,0.8623811566156716,0.8818888643330253
r2,20,0.7326773247610938,0.6786634453696643,0.7065806250751715,0.8407900952137307,0.6689663829819854,0.8702221823544739,0.8337273763872421,0.7664567050009965,0.8620284773416742,0.8332415427428499,0.7509566613694151,0.9203960494673692,0.8532187994901856,0.8582242421265717
r2,21,0.7277299323300324,0.7133823144168907,0.6373966704468157,0.6987617435922737,0.7761078424675083,0.7693735759923044,0.7507992759801538,0.7752168315393764,0.8554787700220482,0.8276157556662798,0.8543590938691009,0.8733776653754186,0.9100365398081539,0.8901681690126826
r2,22,0.7623630105714317,0.6419960947251213,0.812489449666643,0.8313967587466923,0.8519125908697385,0.7685564772855912,0.8447733323262336,0.8248229121833301,0.8285370788407784,0.8887780677427052,0.8624281277203832,0.8735795876796923,0.8613644910009303,0.8938997405868218
r2,23,0.6585203636787552,0.6097927556971192,0.862123896805431,0.8040012201123699,0.7783407098658269,0.887495088124578,0.8946895805299022,0.8306097590467918,0.86302380756802,0.759160272832009,0.738648253321831,0.9435009917853462,0.7531771637362076,0.9230721747368167
r2,24,0.7858076564688594,0.582663309345903,0.578567861360097,0.8217169412672176,0.7994496759536148,0.7724336212771864,0.8230245295520868,0.7988881493202713,0.8417594505024346,0.9108778043999621,0.7978080062135313,0.9203247765229478,0.8767426311981955,0.921950158038242
r2,25,0.5393250737404773,0.7692161055810449,0.7445618603806488,0.8314582698888803,0.7542424488052227,0.7886664953108552,0.8356743656167648,0.803720102794435,0.6782006339157083,0.7375184365309994,0.7103681227835127,0.8941270462599109,0.9025496403471294,0.8803720281522524
r2,mean,0.7089288583161464,0.684458646884001,0.730770146349791,0.7899016447524886,0.7965866832118244,0.7777160507843429,0.8281522705020918,0.7887363831529882,0.8145894651502863,0.8214344216752084,0.8064166639944821,0.8920635805760577,0.8452749864658557,0.8919060831983404
r2,median,0.7455724250526978,0.6830152131689226,0.7384743499866153,0.7981278148688841,0.7993885460218415,0.7925683030933426,0.8359566670010581,0.7959227655274568,0.834877065282921,0.8276157556662798,0.819621053642736,0.8941270462599109,0.8613644910009303,0.8995216304443255
r2,std,0.09529839436743197,0.09601333202948215,0.08306074515826932,0.04802582517557504,0.05348651238683953,0.09489160753310535,0.06200357487532114,0.04696926644314928,0.07122641782677305,0.054335815099431306,0.0735504105643308,0.03725715552598058,0.05839958307660392,0.03707527982385727
