scoring,cv_cycle,AdaBoostClassifier,CatBoostClassifier,ExtraTreesClassifier,GradientBoostingClassifier,KNeighborsClassifier,LogisticRegression,MLPClassifier,RandomForestClassifier,SVC,XGBClassifier
accuracy,1,0.5833333333333334,0.75,0.6666666666666666,0.5,0.6666666666666666,0.5,0.6666666666666666,0.6666666666666666,0.75,0.6666666666666666
accuracy,2,0.5833333333333334,0.6666666666666666,0.9166666666666666,0.75,0.8333333333333334,0.6666666666666666,0.75,0.75,0.75,0.5833333333333334
accuracy,3,0.8333333333333334,0.75,0.9166666666666666,0.75,0.9166666666666666,0.6666666666666666,0.6666666666666666,0.75,0.8333333333333334,0.6666666666666666
accuracy,4,0.75,0.8333333333333334,0.8333333333333334,0.75,0.75,0.75,0.75,0.75,0.75,0.6666666666666666
accuracy,5,0.8333333333333334,0.9166666666666666,1.0,0.9166666666666666,0.6666666666666666,0.8333333333333334,0.8333333333333334,0.8333333333333334,1.0,0.9166666666666666
accuracy,6,0.8333333333333334,0.8333333333333334,0.75,0.8333333333333334,0.75,0.8333333333333334,0.75,0.8333333333333334,0.75,0.75
accuracy,7,1.0,0.8333333333333334,1.0,0.9166666666666666,0.6666666666666666,0.5833333333333334,0.6666666666666666,0.8333333333333334,0.8333333333333334,0.8333333333333334
accuracy,8,0.8333333333333334,0.8333333333333334,0.9166666666666666,0.75,1.0,0.8333333333333334,0.75,0.8333333333333334,1.0,0.6666666666666666
accuracy,9,0.75,0.75,0.8333333333333334,0.5,0.75,0.5833333333333334,0.6666666666666666,0.8333333333333334,0.9166666666666666,0.8333333333333334
accuracy,10,0.8333333333333334,0.8333333333333334,0.9166666666666666,0.8333333333333334,0.75,0.75,0.8333333333333334,0.9166666666666666,0.9166666666666666,0.75
accuracy,11,0.8333333333333334,0.8333333333333334,0.75,0.75,0.75,0.75,0.8333333333333334,0.75,0.75,0.75
accuracy,12,0.6666666666666666,0.6666666666666666,0.5833333333333334,0.75,0.8333333333333334,0.75,0.75,0.6666666666666666,0.5833333333333334,0.75
accuracy,13,0.9166666666666666,0.9166666666666666,0.8333333333333334,0.9166666666666666,0.5833333333333334,0.5833333333333334,0.75,0.9166666666666666,0.8333333333333334,0.6666666666666666
accuracy,14,0.5833333333333334,0.6666666666666666,0.8333333333333334,0.4166666666666667,0.75,0.3333333333333333,0.5833333333333334,0.75,0.9166666666666666,0.4166666666666667
accuracy,15,0.9166666666666666,0.9166666666666666,0.9166666666666666,0.9166666666666666,0.75,0.8333333333333334,0.8333333333333334,0.9166666666666666,0.8333333333333334,1.0
accuracy,16,0.6666666666666666,0.75,0.6666666666666666,0.8333333333333334,0.6666666666666666,0.5,0.5833333333333334,0.5833333333333334,0.5833333333333334,0.4166666666666667
accuracy,17,0.8333333333333334,0.8333333333333334,0.8333333333333334,0.6666666666666666,0.75,0.75,0.6666666666666666,0.8333333333333334,0.8333333333333334,0.8333333333333334
accuracy,18,0.75,0.8333333333333334,0.6666666666666666,0.6666666666666666,1.0,0.5833333333333334,0.75,0.6666666666666666,0.9166666666666666,0.5833333333333334
accuracy,19,0.8333333333333334,0.8333333333333334,0.8333333333333334,0.75,0.8333333333333334,0.75,0.8333333333333334,0.9166666666666666,0.8333333333333334,0.8333333333333334
accuracy,20,0.9166666666666666,0.9166666666666666,0.8333333333333334,0.8333333333333334,0.6666666666666666,0.6666666666666666,0.6666666666666666,0.8333333333333334,0.8333333333333334,0.8333333333333334
accuracy,21,0.75,0.6666666666666666,0.6666666666666666,0.6666666666666666,0.75,0.5833333333333334,0.6666666666666666,0.75,0.6666666666666666,0.6666666666666666
accuracy,22,0.6666666666666666,0.8333333333333334,0.6666666666666666,0.5833333333333334,0.8333333333333334,0.5833333333333334,0.75,0.6666666666666666,1.0,0.5833333333333334
accuracy,23,0.8333333333333334,0.75,0.75,0.75,0.75,0.75,0.75,0.75,0.8333333333333334,0.75
accuracy,24,0.5833333333333334,0.6666666666666666,0.75,0.5833333333333334,0.8333333333333334,0.9166666666666666,0.9166666666666666,0.5833333333333334,0.9166666666666666,0.8333333333333334
accuracy,25,0.9166666666666666,0.8333333333333334,0.8333333333333334,0.75,0.6666666666666666,0.5,0.5833333333333334,0.75,0.8333333333333334,0.75
accuracy,mean,0.7800000000000001,0.7966666666666667,0.8066666666666668,0.7333333333333334,0.7666666666666667,0.6733333333333335,0.73,0.7733333333333333,0.8266666666666667,0.72
accuracy,median,0.8333333333333334,0.8333333333333334,0.8333333333333334,0.75,0.75,0.6666666666666666,0.75,0.75,0.8333333333333334,0.75
accuracy,std,0.11756794725698931,0.08192137151629672,0.10984838035522722,0.13333333333333333,0.1,0.13523641850067197,0.08589399151150084,0.09580071908799943,0.11035296904831232,0.13515423288475528
average_precision,1,0.764520202020202,0.8773809523809524,0.7402777777777777,0.6251322751322752,0.8617424242424242,0.6398508898508899,0.8592592592592592,0.794047619047619,0.9166666666666665,0.7041666666666665
average_precision,2,0.8284090909090909,0.8968253968253967,0.9333333333333333,0.7579365079365078,0.9055555555555556,0.8773809523809524,0.8819444444444444,0.9444444444444444,0.9305555555555556,0.6763888888888888
average_precision,3,0.9305555555555556,0.9305555555555556,0.976190476190476,0.8857142857142857,0.9444444444444443,0.7662698412698411,0.9107142857142856,0.9305555555555556,1.0,0.848611111111111
average_precision,4,0.9583333333333333,0.9305555555555556,0.8972222222222221,0.9150793650793649,0.919047619047619,0.7884920634920635,0.8555555555555555,0.8968253968253967,0.9583333333333333,0.7884920634920635
average_precision,5,0.9055555555555554,0.9484126984126984,1.0,0.976190476190476,0.8499999999999999,0.9583333333333333,0.9583333333333333,0.915079365079365,1.0,1.0
average_precision,6,0.8972222222222221,0.9583333333333333,0.8432900432900432,0.9305555555555556,0.848611111111111,0.7884920634920635,0.9583333333333333,0.9166666666666665,0.9055555555555554,0.9305555555555556
average_precision,7,1.0,0.9305555555555556,1.0,0.976190476190476,0.8168350168350168,0.85515873015873,0.85515873015873,0.9206349206349207,0.976190476190476,0.7801587301587302
average_precision,8,0.9242424242424242,0.9583333333333333,0.976190476190476,0.9305555555555555,1.0,0.8833333333333333,0.9166666666666665,0.9583333333333333,1.0,0.8218253968253967
average_precision,9,0.9150793650793649,0.9166666666666665,0.9583333333333333,0.6279461279461279,0.8492063492063492,0.7994047619047618,0.8968253968253967,0.8972222222222221,0.9444444444444444,0.9166666666666666
average_precision,10,0.9166666666666666,0.9444444444444444,0.9583333333333333,0.9444444444444444,0.8722222222222222,0.8634920634920633,0.9444444444444444,0.9166666666666666,0.9583333333333333,0.9055555555555554
average_precision,11,0.9305555555555556,0.9305555555555556,0.9583333333333333,0.6472222222222221,0.8857142857142857,0.9107142857142856,0.9305555555555556,0.9444444444444444,0.9583333333333333,0.9150793650793649
average_precision,12,0.5494047619047618,0.6271825396825397,0.810515873015873,0.6079365079365079,0.8888888888888888,0.9166666666666665,0.8972222222222221,0.6882936507936507,0.8819444444444444,0.5021825396825397
average_precision,13,1.0,0.976190476190476,0.9484126984126984,1.0,0.727946127946128,0.7092592592592593,0.848611111111111,0.976190476190476,1.0,0.8968253968253967
average_precision,14,0.5868686868686869,0.810515873015873,0.9055555555555554,0.5009620009620009,0.8083333333333333,0.5992063492063492,0.6952380952380952,0.8284090909090909,0.9444444444444444,0.46464646464646464
average_precision,15,1.0,1.0,0.976190476190476,1.0,0.9305555555555556,0.9166666666666666,0.9166666666666666,0.976190476190476,0.976190476190476,1.0
average_precision,16,0.794047619047619,0.7791666666666666,0.8218253968253967,0.7027777777777777,0.7250000000000001,0.6835016835016835,0.737073112073112,0.6930555555555554,0.7958333333333333,0.6398508898508899
average_precision,17,0.9166666666666665,0.9107142857142856,0.8708333333333333,0.8773809523809524,0.9444444444444444,0.8964646464646464,0.848611111111111,0.9333333333333332,0.9166666666666665,0.9242424242424242
average_precision,18,0.8305555555555555,0.9305555555555556,0.8833333333333333,0.7162698412698413,1.0,0.8766233766233766,0.976190476190476,0.8210678210678211,1.0,0.8432900432900432
average_precision,19,0.8501683501683501,0.9444444444444444,0.9305555555555556,0.9166666666666666,0.9166666666666666,0.8690476190476191,0.8964646464646464,0.9583333333333333,0.9305555555555556,0.9166666666666666
average_precision,20,0.7345238095238095,0.976190476190476,0.976190476190476,0.9150793650793649,0.8297979797979798,0.8134920634920634,0.9107142857142856,0.9583333333333333,0.9583333333333333,0.8734126984126983
average_precision,21,0.8432900432900432,0.8432900432900432,0.9444444444444444,0.6111111111111112,0.8061868686868687,0.7777777777777778,0.7853535353535354,0.8968253968253967,0.8592592592592592,0.7238455988455988
average_precision,22,0.9055555555555554,0.9166666666666665,0.8263888888888888,0.7291666666666666,0.9166666666666667,0.7597222222222221,0.8968253968253967,0.8374999999999999,1.0,0.8061868686868686
average_precision,23,0.8592592592592592,0.976190476190476,0.9484126984126984,0.9150793650793649,1.0,0.8631313131313131,1.0,0.9305555555555556,1.0,0.8617424242424241
average_precision,24,0.8134920634920635,0.9333333333333333,0.9055555555555554,0.8555555555555555,0.888888888888889,0.8734126984126983,1.0,0.8888888888888888,0.9583333333333333,0.7027777777777778
average_precision,25,1.0,0.9583333333333333,0.9583333333333334,0.8107142857142857,0.8152777777777778,0.7370370370370369,0.8107142857142856,0.9583333333333334,0.9583333333333333,0.8134920634920634
average_precision,mean,0.8661988936988937,0.9122157287157286,0.9179220779220778,0.8150266955266956,0.8780812890812889,0.8169172679172679,0.887499037999038,0.8952092352092351,0.9491322751322752,0.8102664742664742
average_precision,median,0.9055555555555554,0.9305555555555556,0.9444444444444444,0.8773809523809524,0.8857142857142857,0.85515873015873,0.8968253968253967,0.9166666666666666,0.9583333333333333,0.8432900432900432
average_precision,std,0.11329059972564792,0.0767885320663513,0.06541286774574293,0.145606966359969,0.07230037565277506,0.08992365493195968,0.07301507131786211,0.07669932788523404,0.04936312752397805,0.13446342009081447
f1,1,0.4444444444444444,0.6666666666666666,0.6,0.4,0.5,0.5,0.6666666666666666,0.6,0.7272727272727273,0.6666666666666666
f1,2,0.6153846153846154,0.6666666666666666,0.9090909090909091,0.7692307692307693,0.8,0.6,0.7272727272727273,0.7692307692307693,0.7272727272727273,0.6153846153846154
f1,3,0.8333333333333334,0.7272727272727273,0.9090909090909091,0.7272727272727273,0.9090909090909091,0.6666666666666666,0.6666666666666666,0.7272727272727273,0.8,0.6666666666666666
f1,4,0.7692307692307693,0.8333333333333334,0.8333333333333334,0.7272727272727273,0.6666666666666666,0.7692307692307693,0.7692307692307693,0.7692307692307693,0.7692307692307693,0.6666666666666666
f1,5,0.8,0.9230769230769231,1.0,0.9230769230769231,0.5,0.8333333333333334,0.8333333333333334,0.8333333333333334,1.0,0.9230769230769231
f1,6,0.8333333333333334,0.8333333333333334,0.7272727272727273,0.8333333333333334,0.6666666666666666,0.8571428571428571,0.7692307692307693,0.8333333333333334,0.7692307692307693,0.7692307692307693
f1,7,1.0,0.8571428571428571,1.0,0.9230769230769231,0.6,0.5454545454545454,0.6,0.8571428571428571,0.8333333333333334,0.8571428571428571
f1,8,0.8333333333333334,0.8571428571428571,0.9230769230769231,0.7692307692307693,1.0,0.8333333333333334,0.7272727272727273,0.8333333333333334,1.0,0.6666666666666666
f1,9,0.6666666666666666,0.6666666666666666,0.8333333333333334,0.625,0.6666666666666666,0.5454545454545454,0.6666666666666666,0.8333333333333334,0.9090909090909091,0.8
f1,10,0.8,0.8,0.9090909090909091,0.8,0.7272727272727273,0.7692307692307693,0.8333333333333334,0.9090909090909091,0.9090909090909091,0.6666666666666666
f1,11,0.8333333333333334,0.8333333333333334,0.7692307692307693,0.7272727272727273,0.6666666666666666,0.7692307692307693,0.8571428571428571,0.7692307692307693,0.7692307692307693,0.7272727272727273
f1,12,0.7142857142857143,0.7142857142857143,0.6153846153846154,0.8,0.8,0.7272727272727273,0.7272727272727273,0.7142857142857143,0.6153846153846154,0.8
f1,13,0.9090909090909091,0.9090909090909091,0.8,0.9090909090909091,0.2857142857142857,0.5454545454545454,0.6666666666666666,0.9090909090909091,0.8,0.6666666666666666
f1,14,0.4444444444444444,0.5,0.8333333333333334,0.36363636363636365,0.6666666666666666,0.3333333333333333,0.6153846153846154,0.7272727272727273,0.9090909090909091,0.36363636363636365
f1,15,0.9090909090909091,0.9090909090909091,0.9090909090909091,0.9090909090909091,0.6666666666666666,0.8333333333333334,0.8333333333333334,0.9090909090909091,0.8333333333333334,1.0
f1,16,0.6,0.7272727272727273,0.6666666666666666,0.8333333333333334,0.5,0.5,0.5454545454545454,0.6153846153846154,0.6153846153846154,0.36363636363636365
f1,17,0.8,0.8,0.8,0.6666666666666666,0.6666666666666666,0.7272727272727273,0.6,0.8,0.8333333333333334,0.8
f1,18,0.7692307692307693,0.8571428571428571,0.7142857142857143,0.7142857142857143,1.0,0.6666666666666666,0.8,0.7142857142857143,0.9230769230769231,0.6666666666666666
f1,19,0.8,0.8,0.8,0.6666666666666666,0.8,0.7272727272727273,0.8333333333333334,0.9090909090909091,0.8,0.8
f1,20,0.9230769230769231,0.9230769230769231,0.8333333333333334,0.8333333333333334,0.5,0.6666666666666666,0.6666666666666666,0.8333333333333334,0.8333333333333334,0.8333333333333334
f1,21,0.7692307692307693,0.6,0.7142857142857143,0.6666666666666666,0.6666666666666666,0.5454545454545454,0.6666666666666666,0.7692307692307693,0.6666666666666666,0.6
f1,22,0.7142857142857143,0.8333333333333334,0.6666666666666666,0.6153846153846154,0.8,0.5454545454545454,0.7692307692307693,0.6666666666666666,1.0,0.6153846153846154
f1,23,0.8,0.6666666666666666,0.6666666666666666,0.6666666666666666,0.6666666666666666,0.6666666666666666,0.6666666666666666,0.6666666666666666,0.8,0.6666666666666666
f1,24,0.5454545454545454,0.5,0.6666666666666666,0.2857142857142857,0.8,0.9230769230769231,0.9230769230769231,0.2857142857142857,0.9090909090909091,0.8333333333333334
f1,25,0.9230769230769231,0.8571428571428571,0.8571428571428571,0.8,0.5,0.5714285714285714,0.6666666666666666,0.8,0.8333333333333334,0.7692307692307693
f1,mean,0.762013098013098,0.7704695304695305,0.7982817182817182,0.7182121212121213,0.6808831168831168,0.6667372627372627,0.7238894438894438,0.7621858141858142,0.8234312354312354,0.71215984015984
f1,median,0.8,0.8,0.8,0.7272727272727273,0.6666666666666666,0.6666666666666666,0.7272727272727273,0.7692307692307693,0.8333333333333334,0.6666666666666666
f1,std,0.1399277619510262,0.11980626466609064,0.11251862133954733,0.1632212713098406,0.16210602486964704,0.1387921286181888,0.09334746208539708,0.13020966402694217,0.104679210509661,0.14228636078265935
neg_brier_score,1,-0.21700394018273414,-0.18156311418869067,-0.2116416666666667,-0.41551673135569067,-0.20687500000000003,-0.36456851598076234,-0.2519505939544746,-0.19107499999999997,-0.15369745920120523,-0.24388124183338664
neg_brier_score,2,-0.21536889150017388,-0.16675539436412437,-0.17298333333333335,-0.2462382883889915,-0.1804166666666667,-0.20310637258733277,-0.1915648770936564,-0.16693333333333335,-0.11684459325385739,-0.32917552133875366
neg_brier_score,3,-0.15313211099309723,-0.13397207353946347,-0.15,-0.22272094810096735,-0.15979166666666664,-0.21132332956532485,-0.15144837204721662,-0.13565833333333335,-0.07490992697294137,-0.2312082652496791
neg_brier_score,4,-0.1438727903575941,-0.1489096356038285,-0.1497,-0.20603924254815875,-0.17333333333333334,-0.21731221556490055,-0.19007231631537316,-0.16605,-0.1160144399681714,-0.24923081739551708
neg_brier_score,5,-0.1635810857823433,-0.12188936397138866,-0.12298333333333333,-0.0833129428578632,-0.19541666666666668,-0.1205803563005573,-0.10516048164950531,-0.13398333333333334,-0.08039802825859925,-0.06123302885387875
neg_brier_score,6,-0.16416814010709588,-0.1368997282656901,-0.193025,-0.1511347532140137,-0.18750000000000003,-0.17481265011457503,-0.16353058537244955,-0.14499166666666666,-0.1568399002402057,-0.17816583676954115
neg_brier_score,7,-0.11817880092576831,-0.130741269137665,-0.14419166666666666,-0.08332961964663473,-0.20625000000000004,-0.22846549706102381,-0.1473217844379081,-0.15114999999999998,-0.09955524397107,-0.15447343170478445
neg_brier_score,8,-0.1466066875309028,-0.11901966072550955,-0.14356666666666665,-0.2268318424052289,-0.16187500000000002,-0.16836220712126718,-0.15108556952699476,-0.14658333333333334,-0.08941581545819334,-0.21036880447965758
neg_brier_score,9,-0.16217967753116544,-0.1685953890018883,-0.14500833333333338,-0.4457366972993204,-0.19729166666666667,-0.2988882097123163,-0.21174376805246423,-0.16419166666666665,-0.10891732167937289,-0.14918943104578034
neg_brier_score,10,-0.11858169651280968,-0.13824638759220412,-0.1546916666666667,-0.1662937269797302,-0.18583333333333338,-0.15919453530955255,-0.10897440170196909,-0.155775,-0.10153668349557243,-0.17049663408050786
neg_brier_score,11,-0.13556928168917118,-0.1365799091413365,-0.13947500000000002,-0.2506701808793665,-0.19020833333333334,-0.20489281636758816,-0.1548715966496131,-0.140325,-0.10712734354105839,-0.17869032278612493
neg_brier_score,12,-0.24371587255370195,-0.2429885199091716,-0.196825,-0.20835923832755268,-0.1704166666666667,-0.14285843997440315,-0.1743771196861046,-0.21408333333333338,-0.18153037260781724,-0.25867845477421564
neg_brier_score,13,-0.14184461452079103,-0.1411137085742661,-0.15667500000000004,-0.03538842664602739,-0.22791666666666668,-0.3266989055625055,-0.17758397732343947,-0.16690000000000002,-0.10754452118839614,-0.14242150426596564
neg_brier_score,14,-0.30384424851175335,-0.23342509817046878,-0.17327499999999998,-0.5243266214081813,-0.20333333333333337,-0.46165181902892255,-0.3155039501120274,-0.21934999999999996,-0.11813112985206274,-0.40717298232488125
neg_brier_score,15,-0.1242096557194133,-0.10934084224223,-0.14230833333333334,-0.06819907504496488,-0.18604166666666666,-0.13483569664465103,-0.14448775987214266,-0.1206666666666667,-0.10782570993399902,-0.026428580965358595
neg_brier_score,16,-0.2253139024440237,-0.20678637794432486,-0.19399166666666667,-0.17634837934501965,-0.2177083333333333,-0.45404317532171695,-0.3364931467160642,-0.22715833333333335,-0.24647782849084973,-0.32955045275285694
neg_brier_score,17,-0.1814515618701116,-0.17035625839423807,-0.20095,-0.3109552153917516,-0.18604166666666666,-0.15362099727615802,-0.20468460050424475,-0.16138333333333335,-0.12789224295822285,-0.14047518666557804
neg_brier_score,18,-0.19501925530950348,-0.15473300706215978,-0.1798916666666667,-0.28647398452895745,-0.16458333333333336,-0.27393760880347656,-0.16127043410242062,-0.21149166666666663,-0.10607667503642904,-0.28244242261034014
neg_brier_score,19,-0.1545718281940372,-0.13538258328509972,-0.126975,-0.250245478622875,-0.18729166666666666,-0.19876728755838494,-0.14682654450937113,-0.12019166666666665,-0.1209755839630531,-0.1212741167174871
neg_brier_score,20,-0.18488798675690213,-0.11070110383103172,-0.16325000000000003,-0.13702668499979717,-0.199375,-0.24824255711981133,-0.21128544451794884,-0.15941666666666668,-0.10161443741379934,-0.12594858953731455
neg_brier_score,21,-0.18818208076418239,-0.17856811342267873,-0.16969166666666669,-0.3333187326588187,-0.20145833333333338,-0.34094266599298745,-0.2624686829083947,-0.18043333333333333,-0.1675878439187176,-0.24246170034588388
neg_brier_score,22,-0.1699534984932216,-0.16358413798028998,-0.20414166666666664,-0.4165506034808925,-0.20375000000000001,-0.274421867832324,-0.19943390831352528,-0.195325,-0.09100673098726424,-0.2467612789597462
neg_brier_score,23,-0.2000120645819126,-0.14407168701272918,-0.17503333333333335,-0.22034626077807307,-0.1708333333333333,-0.2174756041000182,-0.16018737638797725,-0.16609166666666667,-0.132392040672947,-0.2091444521412047
neg_brier_score,24,-0.2231550176324761,-0.18481232915687174,-0.17434166666666664,-0.3153779092024375,-0.17729166666666665,-0.10262444825561969,-0.038657182408426256,-0.22033333333333338,-0.08106412969260167,-0.17825334987085448
neg_brier_score,25,-0.12075597043166286,-0.1451934387676717,-0.14283333333333334,-0.20692714321749398,-0.1935416666666667,-0.3324840476063789,-0.27704187550801357,-0.15990000000000001,-0.11959759583869635,-0.21110385074526192
neg_brier_score,mean,-0.17580642643586195,-0.15616916525140087,-0.165098,-0.23950674909315237,-0.189375,-0.24056447307050238,-0.18552105398686902,-0.1687776666666667,-0.12059894394380415,-0.20312921032858244
neg_brier_score,median,-0.16416814010709588,-0.1451934387676717,-0.16325000000000003,-0.22272094810096735,-0.18750000000000003,-0.21731221556490055,-0.1743771196861046,-0.16419166666666665,-0.10891732167937289,-0.2091444521412047
neg_brier_score,std,0.04408460857353994,0.03380487080532931,0.024495879844033633,0.11992512584540897,0.016875360078462857,0.09504899041915324,0.06452307334288265,0.030615669528309627,0.03663514454266127,0.08267149025111728
neg_log_loss,1,-0.6161281998749006,-0.5429942131726205,-0.6091397449999058,-1.6623454270097247,-0.6040129278005685,-1.6945434018900853,-0.7918584257769804,-0.564300810042484,-0.44341011323973384,-0.7052097837035186
neg_log_loss,2,-0.6169404144174139,-0.5089129185481456,-0.5326617014410391,-1.879558871450801,-0.5501470569239122,-0.5609652770442884,-0.5556018226520518,-0.516010820174129,-0.3622756663679752,-1.1463133910124275
neg_log_loss,3,-0.4837039845822772,-0.43524618369268486,-0.4808543781348565,-0.8099380657159744,-0.5029902938721826,-0.7297502678939032,-0.4056108223861332,-0.43955723389435547,-0.2612888545875665,-0.6696014493536153
neg_log_loss,4,-0.4651366705276856,-0.46466967838022327,-0.4720064797049904,-1.3376570797460257,-0.5319893917927683,-0.939682930482569,-0.644616481436728,-0.507059940005378,-0.3595386326065999,-0.8145221794278608
neg_log_loss,5,-0.510750336897047,-0.41093119648884335,-0.4210912698970893,-0.7118310708278864,-0.5760293136794312,-0.3555700124748167,-0.2865456657129025,-0.4426535828188843,-0.3035097292839302,-0.22243837890562812
neg_log_loss,6,-0.509779861032689,-0.44463064307825007,-0.572035712750493,-0.5125604419364287,-0.5627014263742984,-0.9487231326060419,-0.4391947231647793,-0.4596499124967052,-0.44704046374108986,-0.49919194971689995
neg_log_loss,7,-0.41132641745782417,-0.4302044875708934,-0.4653483086279306,-0.8727436336300666,-0.6022946538670073,-0.5873801833935636,-0.3894553782269598,-0.4807215059601097,-0.3337964398495834,-0.5608321087795313
neg_log_loss,8,-0.4673650506630341,-0.40211983979403904,-0.4691148560640635,-1.8215209186365247,-0.5106249587897528,-0.6930426298042671,-0.4584580344505569,-0.46978177574880814,-0.3323534518745805,-0.6316416487803617
neg_log_loss,9,-0.49487494120770803,-0.5155677845738824,-0.46916795991045773,-3.1274305530888107,-0.5824270685799241,-1.1189847520341627,-0.6564210945715447,-0.5110168448030294,-0.36028278116660356,-0.5961905458273268
neg_log_loss,10,-0.3969664842197675,-0.45230624605925,-0.4952567240331889,-1.3353908101250138,-0.5594880961379741,-0.4619750418652125,-0.3275377059108646,-0.4995188231466497,-0.33558302633146625,-0.5288629241002116
neg_log_loss,11,-0.4187019967528784,-0.43847879208016,-0.45373373772176323,-2.690288653793674,-0.5661589981816167,-0.9526667816960727,-0.5043348104726877,-0.4416818447835718,-0.3242563096683258,-0.5446833055038316
neg_log_loss,12,-0.6916995908586269,-0.6884638544852565,-0.5796625924781657,-1.903778916577009,-0.5254747787572606,-0.42143054986784206,-0.5266920926997803,-0.6169459225727918,-0.5025044371607634,-1.0932875513019764
neg_log_loss,13,-0.46432135597377006,-0.4586837008298903,-0.49236349825002695,-0.11187658141139684,-0.6470565648739542,-1.010876098359044,-0.5077015058646264,-0.5165682880025407,-0.3582422743588383,-0.3996834707634556
neg_log_loss,14,-0.8380122859964557,-0.6597913304834603,-0.5289187782266652,-4.873259843251783,-0.5966511352598826,-1.4097568117364583,-0.9726141295892345,-0.6310039393935205,-0.38076450345578133,-1.2970532369770942
neg_log_loss,15,-0.423220467396747,-0.3866688702461014,-0.4655184478410905,-0.1873634943962622,-0.5603263005299471,-0.9639913104358112,-0.672823791363332,-0.4141545116846979,-0.35568937653334515,-0.11051904177034809
neg_log_loss,16,-0.6423713685610376,-0.6018011869112481,-0.5736935558364008,-1.8287476184478642,-0.6237320841837339,-1.5657855935306453,-1.2185655836923304,-0.6439782994460753,-0.6785429621843688,-1.0433308211274954
neg_log_loss,17,-0.5487143734628136,-0.515704350589057,-0.5882510657334206,-1.170263449497553,-0.5601718364758369,-0.6611954468079043,-0.5854649087680898,-0.5040870682951386,-0.4037291601552164,-0.5899370460880082
neg_log_loss,18,-0.5715609801141256,-0.4877862931025965,-0.5390650117442751,-2.2173508604145624,-0.5174599428640367,-0.7322419360527586,-0.4424835579501077,-0.6082908412513565,-0.3724477251715746,-0.8224840285177702
neg_log_loss,19,-0.4782239568366129,-0.4411379269936604,-0.4157904162314978,-2.2334445270120367,-0.5608011356228336,-1.0784150609291507,-0.633071124275764,-0.40752244183161984,-0.3454094982564584,-0.48428093555089086
neg_log_loss,20,-0.5615839397377493,-0.38871815937034787,-0.5115355000341898,-0.8659393045309326,-0.5877652049382758,-0.8015328014912552,-0.5621182543895361,-0.5010576657319902,-0.3393858979758917,-0.442278388825243
neg_log_loss,21,-0.5522223808361385,-0.5377656782617267,-0.5177638453877081,-3.57632955779381,-0.5879877239845991,-1.539032894484986,-0.8738608588298439,-0.54583418682943,-0.48687388684836463,-0.8363689417505529
neg_log_loss,22,-0.5112976485756923,-0.5066597295385847,-0.5970978301050112,-3.803055533860747,-0.6005199766660951,-0.9439708048419265,-0.5555175413088793,-0.5754290632140081,-0.3395352675589276,-0.7395000598996028
neg_log_loss,23,-0.5880932883171491,-0.4509256003088889,-0.5347377804607688,-0.7797265395189097,-0.5270374400868681,-0.8912187943160311,-0.465305060267131,-0.5104755126754968,-0.3698631421435729,-0.8269255231033031
neg_log_loss,24,-0.6390176992214599,-0.5498055207650274,-0.5295922608590321,-1.3219970460498758,-0.5428488298772184,-0.3678388604881457,-0.13695365658334205,-0.6374183595528518,-0.28796648023378496,-0.5912093445932088
neg_log_loss,25,-0.4158174114090909,-0.4548830666389896,-0.4618369286239395,-1.8869265176492689,-0.5728094976206467,-1.2214237514032924,-1.041197181805152,-0.49212792278770184,-0.3686687584788646,-0.7854984105058831
neg_log_loss,mean,-0.5327132441972278,-0.4869942900785531,-0.5110495354039188,-1.7408530126549178,-0.566380265509625,-0.9060798050372094,-0.5861601684859735,-0.517473884685733,-0.3781183535693283,-0.6792737786354418
neg_log_loss,median,-0.510750336897047,-0.4586837008298903,-0.5115355000341898,-1.6623454270097247,-0.5627014263742984,-0.939682930482569,-0.5555175413088793,-0.507059940005378,-0.3595386326065999,-0.6316416487803617
neg_log_loss,std,0.10109523006910412,0.07628865107650551,0.05345715460831227,1.1416966732997205,0.03510588616538101,0.3649621225574238,0.23842958055349592,0.06827579090002402,0.08231736515622858,0.26991294786630055
precision,1,0.6666666666666666,1.0,0.75,0.5,1.0,0.5,0.6666666666666666,0.75,0.8,0.6666666666666666
precision,2,0.5714285714285714,0.6666666666666666,1.0,0.7142857142857143,1.0,0.75,0.8,0.7142857142857143,0.8,0.5714285714285714
precision,3,0.8333333333333334,0.8,1.0,0.8,1.0,0.6666666666666666,0.6666666666666666,0.8,1.0,0.6666666666666666
precision,4,0.7142857142857143,0.8333333333333334,0.8333333333333334,0.8,1.0,0.7142857142857143,0.7142857142857143,0.7142857142857143,0.7142857142857143,0.6666666666666666
precision,5,1.0,0.8571428571428571,1.0,0.8571428571428571,1.0,0.8333333333333334,0.8333333333333334,0.8333333333333334,1.0,0.8571428571428571
precision,6,0.8333333333333334,0.8333333333333334,0.8,0.8333333333333334,1.0,0.75,0.7142857142857143,0.8333333333333334,0.7142857142857143,0.7142857142857143
precision,7,1.0,0.75,1.0,0.8571428571428571,0.75,0.6,0.75,0.75,0.8333333333333334,0.75
precision,8,0.8333333333333334,0.75,0.8571428571428571,0.7142857142857143,1.0,0.8333333333333334,0.8,0.8333333333333334,1.0,0.6666666666666666
precision,9,1.0,1.0,0.8333333333333334,0.5,1.0,0.6,0.6666666666666666,0.8333333333333334,1.0,1.0
precision,10,1.0,1.0,1.0,1.0,0.8,0.7142857142857143,0.8333333333333334,1.0,1.0,1.0
precision,11,0.8333333333333334,0.8333333333333334,0.7142857142857143,0.8,1.0,0.7142857142857143,0.75,0.7142857142857143,0.7142857142857143,0.8
precision,12,0.625,0.625,0.5714285714285714,0.6666666666666666,1.0,0.8,0.8,0.625,0.5714285714285714,0.6666666666666666
precision,13,1.0,1.0,1.0,1.0,1.0,0.6,1.0,1.0,1.0,0.6666666666666666
precision,14,0.6666666666666666,1.0,0.8333333333333334,0.4,1.0,0.3333333333333333,0.5714285714285714,0.8,1.0,0.4
precision,15,1.0,1.0,1.0,1.0,1.0,0.8333333333333334,0.8333333333333334,1.0,0.8333333333333334,1.0
precision,16,0.75,0.8,0.6666666666666666,0.8333333333333334,1.0,0.5,0.6,0.5714285714285714,0.5714285714285714,0.4
precision,17,1.0,1.0,1.0,0.6666666666666666,1.0,0.8,0.75,1.0,0.8333333333333334,1.0
precision,18,0.7142857142857143,0.75,0.625,0.625,1.0,0.5555555555555556,0.6666666666666666,0.625,0.8571428571428571,0.5555555555555556
precision,19,1.0,1.0,1.0,1.0,1.0,0.8,0.8333333333333334,1.0,1.0,1.0
precision,20,0.8571428571428571,0.8571428571428571,0.8333333333333334,0.8333333333333334,1.0,0.6666666666666666,0.6666666666666666,0.8333333333333334,0.8333333333333334,0.8333333333333334
precision,21,0.7142857142857143,0.75,0.625,0.6666666666666666,1.0,0.6,0.6666666666666666,0.7142857142857143,0.6666666666666666,0.75
precision,22,0.625,0.8333333333333334,0.6666666666666666,0.5714285714285714,1.0,0.6,0.7142857142857143,0.6666666666666666,1.0,0.5714285714285714
precision,23,1.0,1.0,1.0,1.0,1.0,1.0,1.0,1.0,1.0,1.0
precision,24,0.6,1.0,1.0,1.0,1.0,0.8571428571428571,0.8571428571428571,1.0,1.0,0.8333333333333334
precision,25,0.8571428571428571,0.75,0.75,0.6666666666666666,1.0,0.5,0.5555555555555556,0.6666666666666666,0.8333333333333334,0.7142857142857143
precision,mean,0.827809523809524,0.8675714285714285,0.8543809523809522,0.7722380952380954,0.982,0.6848888888888888,0.7484126984126985,0.8111428571428572,0.8630476190476191,0.7500317460317462
precision,median,0.8333333333333334,0.8333333333333334,0.8333333333333334,0.8,1.0,0.7142857142857143,0.75,0.8,0.8333333333333334,0.7142857142857143
precision,std,0.15036383689807872,0.11962113282986887,0.14631130418537833,0.17196171065668306,0.061449165982948854,0.1449774710780313,0.11124459102581973,0.13651222400059015,0.1405352902315056,0.17817635025834158
recall,1,0.3333333333333333,0.5,0.5,0.3333333333333333,0.3333333333333333,0.5,0.6666666666666666,0.5,0.6666666666666666,0.6666666666666666
recall,2,0.6666666666666666,0.6666666666666666,0.8333333333333334,0.8333333333333334,0.6666666666666666,0.5,0.6666666666666666,0.8333333333333334,0.6666666666666666,0.6666666666666666
recall,3,0.8333333333333334,0.6666666666666666,0.8333333333333334,0.6666666666666666,0.8333333333333334,0.6666666666666666,0.6666666666666666,0.6666666666666666,0.6666666666666666,0.6666666666666666
recall,4,0.8333333333333334,0.8333333333333334,0.8333333333333334,0.6666666666666666,0.5,0.8333333333333334,0.8333333333333334,0.8333333333333334,0.8333333333333334,0.6666666666666666
recall,5,0.6666666666666666,1.0,1.0,1.0,0.3333333333333333,0.8333333333333334,0.8333333333333334,0.8333333333333334,1.0,1.0
recall,6,0.8333333333333334,0.8333333333333334,0.6666666666666666,0.8333333333333334,0.5,1.0,0.8333333333333334,0.8333333333333334,0.8333333333333334,0.8333333333333334
recall,7,1.0,1.0,1.0,1.0,0.5,0.5,0.5,1.0,0.8333333333333334,1.0
recall,8,0.8333333333333334,1.0,1.0,0.8333333333333334,1.0,0.8333333333333334,0.6666666666666666,0.8333333333333334,1.0,0.6666666666666666
recall,9,0.5,0.5,0.8333333333333334,0.8333333333333334,0.5,0.5,0.6666666666666666,0.8333333333333334,0.8333333333333334,0.6666666666666666
recall,10,0.6666666666666666,0.6666666666666666,0.8333333333333334,0.6666666666666666,0.6666666666666666,0.8333333333333334,0.8333333333333334,0.8333333333333334,0.8333333333333334,0.5
recall,11,0.8333333333333334,0.8333333333333334,0.8333333333333334,0.6666666666666666,0.5,0.8333333333333334,1.0,0.8333333333333334,0.8333333333333334,0.6666666666666666
recall,12,0.8333333333333334,0.8333333333333334,0.6666666666666666,1.0,0.6666666666666666,0.6666666666666666,0.6666666666666666,0.8333333333333334,0.6666666666666666,1.0
recall,13,0.8333333333333334,0.8333333333333334,0.6666666666666666,0.8333333333333334,0.16666666666666666,0.5,0.5,0.8333333333333334,0.6666666666666666,0.6666666666666666
recall,14,0.3333333333333333,0.3333333333333333,0.8333333333333334,0.3333333333333333,0.5,0.3333333333333333,0.6666666666666666,0.6666666666666666,0.8333333333333334,0.3333333333333333
recall,15,0.8333333333333334,0.8333333333333334,0.8333333333333334,0.8333333333333334,0.5,0.8333333333333334,0.8333333333333334,0.8333333333333334,0.8333333333333334,1.0
recall,16,0.5,0.6666666666666666,0.6666666666666666,0.8333333333333334,0.3333333333333333,0.5,0.5,0.6666666666666666,0.6666666666666666,0.3333333333333333
recall,17,0.6666666666666666,0.6666666666666666,0.6666666666666666,0.6666666666666666,0.5,0.6666666666666666,0.5,0.6666666666666666,0.8333333333333334,0.6666666666666666
recall,18,0.8333333333333334,1.0,0.8333333333333334,0.8333333333333334,1.0,0.8333333333333334,1.0,0.8333333333333334,1.0,0.8333333333333334
recall,19,0.6666666666666666,0.6666666666666666,0.6666666666666666,0.5,0.6666666666666666,0.6666666666666666,0.8333333333333334,0.8333333333333334,0.6666666666666666,0.6666666666666666
recall,20,1.0,1.0,0.8333333333333334,0.8333333333333334,0.3333333333333333,0.6666666666666666,0.6666666666666666,0.8333333333333334,0.8333333333333334,0.8333333333333334
recall,21,0.8333333333333334,0.5,0.8333333333333334,0.6666666666666666,0.5,0.5,0.6666666666666666,0.8333333333333334,0.6666666666666666,0.5
recall,22,0.8333333333333334,0.8333333333333334,0.6666666666666666,0.6666666666666666,0.6666666666666666,0.5,0.8333333333333334,0.6666666666666666,1.0,0.6666666666666666
recall,23,0.6666666666666666,0.5,0.5,0.5,0.5,0.5,0.5,0.5,0.6666666666666666,0.5
recall,24,0.5,0.3333333333333333,0.5,0.16666666666666666,0.6666666666666666,1.0,1.0,0.16666666666666666,0.8333333333333334,0.8333333333333334
recall,25,1.0,1.0,1.0,1.0,0.3333333333333333,0.6666666666666666,0.8333333333333334,1.0,0.8333333333333334,0.8333333333333334
recall,mean,0.7333333333333334,0.74,0.7733333333333334,0.72,0.5466666666666666,0.6666666666666667,0.7266666666666667,0.76,0.8,0.7066666666666667
recall,median,0.8333333333333334,0.8333333333333334,0.8333333333333334,0.8333333333333334,0.5,0.6666666666666666,0.6666666666666666,0.8333333333333334,0.8333333333333334,0.6666666666666666
recall,std,0.18257418583505539,0.20591260281974005,0.14817407180595246,0.21457969252574777,0.19731531449264988,0.17638342073763938,0.15549205052920803,0.170489491367259,0.11547005383792518,0.18427033281447006
roc_auc,1,0.6944444444444445,0.8611111111111112,0.7222222222222222,0.5277777777777778,0.8194444444444445,0.5555555555555556,0.7777777777777778,0.8194444444444444,0.888888888888889,0.6944444444444445
roc_auc,2,0.7500000000000001,0.8611111111111112,0.888888888888889,0.7916666666666667,0.9166666666666667,0.8611111111111112,0.8333333333333333,0.9166666666666667,0.9166666666666667,0.6111111111111112
roc_auc,3,0.9166666666666667,0.9166666666666667,0.9722222222222223,0.8333333333333334,0.9166666666666667,0.7777777777777779,0.888888888888889,0.9166666666666667,1.0,0.8055555555555556
roc_auc,4,0.9444444444444445,0.9166666666666667,0.8888888888888888,0.9166666666666667,0.9305555555555556,0.7777777777777779,0.8611111111111112,0.8611111111111112,0.9444444444444445,0.75
roc_auc,5,0.8611111111111112,0.9444444444444444,1.0,0.9722222222222223,0.8611111111111112,0.9444444444444445,0.9444444444444445,0.9305555555555556,1.0,1.0
roc_auc,6,0.888888888888889,0.9444444444444445,0.7777777777777778,0.9166666666666667,0.8472222222222222,0.7777777777777779,0.9444444444444445,0.888888888888889,0.8611111111111112,0.9166666666666667
roc_auc,7,1.0,0.9166666666666667,1.0,0.9722222222222223,0.75,0.8333333333333334,0.8333333333333334,0.9166666666666667,0.9722222222222223,0.8055555555555556
roc_auc,8,0.8611111111111112,0.9444444444444445,0.9722222222222223,0.9166666666666667,1.0,0.8611111111111112,0.888888888888889,0.9444444444444445,1.0,0.8055555555555556
roc_auc,9,0.9166666666666667,0.888888888888889,0.9444444444444445,0.5277777777777778,0.8333333333333334,0.7222222222222222,0.8611111111111112,0.9027777777777779,0.9166666666666667,0.8333333333333334
roc_auc,10,0.8333333333333334,0.9166666666666667,0.9583333333333335,0.9444444444444445,0.8750000000000001,0.8333333333333333,0.9166666666666667,0.8333333333333334,0.9444444444444445,0.8611111111111112
roc_auc,11,0.9166666666666667,0.9166666666666667,0.9444444444444445,0.7222222222222222,0.8333333333333334,0.888888888888889,0.9166666666666667,0.9166666666666667,0.9444444444444445,0.9166666666666667
roc_auc,12,0.5833333333333334,0.5833333333333334,0.7638888888888888,0.7083333333333334,0.9166666666666666,0.888888888888889,0.888888888888889,0.6666666666666667,0.8333333333333333,0.5
roc_auc,13,1.0,0.9722222222222223,0.9444444444444445,1.0,0.7222222222222222,0.6111111111111112,0.8055555555555556,0.9861111111111112,1.0,0.8611111111111112
roc_auc,14,0.3888888888888889,0.75,0.8750000000000001,0.5,0.7916666666666667,0.4444444444444444,0.5555555555555556,0.7500000000000001,0.9166666666666667,0.36111111111111116
roc_auc,15,1.0,1.0,0.9722222222222222,1.0,0.9444444444444444,0.8333333333333334,0.8333333333333334,0.9722222222222223,0.9722222222222223,1.0
roc_auc,16,0.7222222222222223,0.6944444444444445,0.8055555555555556,0.7916666666666667,0.6805555555555556,0.5555555555555556,0.638888888888889,0.6944444444444445,0.75,0.5555555555555556
roc_auc,17,0.888888888888889,0.888888888888889,0.8472222222222222,0.8611111111111112,0.9583333333333334,0.8333333333333334,0.8055555555555556,0.9027777777777779,0.888888888888889,0.8611111111111112
roc_auc,18,0.8055555555555556,0.9166666666666667,0.8611111111111112,0.763888888888889,1.0,0.8055555555555555,0.9722222222222223,0.763888888888889,1.0,0.7777777777777778
roc_auc,19,0.75,0.9166666666666667,0.9166666666666667,0.9166666666666667,0.888888888888889,0.7777777777777779,0.8333333333333334,0.9444444444444445,0.9166666666666667,0.8333333333333334
roc_auc,20,0.8333333333333334,0.9722222222222223,0.9722222222222223,0.9166666666666666,0.8194444444444445,0.8055555555555556,0.888888888888889,0.9444444444444445,0.9444444444444445,0.888888888888889
roc_auc,21,0.7777777777777778,0.7777777777777778,0.9166666666666667,0.6666666666666667,0.7777777777777778,0.6388888888888888,0.6666666666666666,0.875,0.7777777777777778,0.6944444444444444
roc_auc,22,0.8611111111111112,0.888888888888889,0.7916666666666666,0.7222222222222223,0.8472222222222223,0.7222222222222222,0.8611111111111112,0.7777777777777778,1.0,0.7222222222222222
roc_auc,23,0.7777777777777778,0.9722222222222223,0.9444444444444445,0.9166666666666667,1.0,0.8055555555555557,1.0,0.9166666666666667,1.0,0.7777777777777778
roc_auc,24,0.7222222222222223,0.888888888888889,0.8611111111111112,0.7777777777777779,0.8611111111111112,0.888888888888889,1.0,0.8055555555555556,0.9444444444444445,0.7777777777777779
roc_auc,25,1.0,0.9444444444444445,0.9444444444444445,0.8472222222222222,0.8194444444444444,0.6666666666666667,0.7777777777777778,0.9444444444444445,0.9444444444444445,0.8055555555555556
roc_auc,mean,0.8277777777777778,0.8877777777777779,0.8994444444444446,0.8172222222222223,0.8644444444444445,0.7644444444444446,0.8477777777777779,0.8716666666666666,0.9311111111111111,0.7766666666666668
roc_auc,median,0.8611111111111112,0.9166666666666667,0.9166666666666667,0.8472222222222222,0.8611111111111112,0.8055555555555555,0.8611111111111112,0.9027777777777779,0.9444444444444445,0.8055555555555556
roc_auc,std,0.13810892105173392,0.09278942042716874,0.0767069137515254,0.1442134905762895,0.08298817407942553,0.12072824293418384,0.10456258094238749,0.08427981027359452,0.06718318425702655,0.14497339049155636
