scoring,cv_cycle,AdaBoostRegressor,CatBoostRegressor,ElasticNetCV,ExtraTreesRegressor,GradientBoostingRegressor,KNeighborsRegressor,LinearRegression,MLPRegressor,RandomForestRegressor,Ridge,SVR,XGBRegressor
max_error,1,-259.5680801750233,-286.15383228680463,-83.70516051182162,-237.16070184469925,-226.54726856881706,-280.6536791482669,-1.3429257705865894e-12,-187.61278052213183,-277.73673339030427,-39.947661679198006,-338.2027368563599,-234.15528981966258
max_error,2,-406.908927201805,-432.49556199827884,-135.42917549059143,-436.24655900651777,-306.8459131287463,-444.6467465979851,-7.389644451905042e-13,-306.1733972494386,-382.93734771178896,-60.338114641130915,-444.4998165101384,-348.89052860862364
max_error,3,-97.58549844974581,-126.77962104614973,-29.167801196247808,-109.64116659082728,-274.02482384037114,-116.18615838693297,-1.0764722446765518e-12,-148.26396399240488,-124.37021205819997,-11.117012616677897,-148.2281480243934,-193.06187093846347
max_error,4,-165.27492452973917,-194.4281906734658,-77.18839293198809,-175.83568449687948,-230.89628724852238,-225.93683700980472,-5.684341886080801e-13,-177.8671660419052,-184.31575477175994,-25.17644408487385,-248.5415937799401,-320.6720501560477
max_error,5,-100.66546977418118,-105.00859304242681,-38.72699689311646,-164.55370390079344,-237.85085790594292,-162.40189183368193,-2.1316282072803006e-13,-133.22322229831934,-158.12852028608893,-19.237558355746152,-147.71655727868287,-185.03077118429212
max_error,6,-214.3870938433999,-177.9580447761773,-37.414742305513904,-156.64992862354075,-187.66729175215562,-131.5486635630357,-4.263256414560601e-13,-124.6495446321563,-209.51071296979234,-15.99695968068491,-179.10479344982275,-251.78852264913587
max_error,7,-288.20088850857695,-266.8038128048884,-75.78492564241697,-266.2541747074701,-227.51835756380916,-289.4149539939569,-6.252776074688882e-13,-230.79984356090029,-282.2100660941783,-40.80391733427149,-322.16323558931197,-192.93926015723258
max_error,8,-182.88064749715755,-197.20668431531874,-74.0024011219084,-170.16587201456778,-170.2617739885905,-202.56832955393767,-7.389644451905042e-13,-159.16619378224811,-189.03938804619045,-22.28832150385108,-240.2098950250966,-150.91157816435606
max_error,9,-150.9104644322672,-186.93042029443023,-46.73123004955464,-162.34407241704963,-221.21580600666772,-168.07505045730963,-1.0231815394945443e-12,-107.09641752396291,-187.0494716150523,-21.378999983329727,-194.8961278097656,-271.1766036924569
max_error,10,-399.9496347067957,-414.5659542234194,-109.65008504896053,-399.461706459294,-285.1098799513354,-444.6467465979851,-4.831690603168681e-13,-316.77357728952904,-394.12876386311046,-48.50699653496264,-444.5674335926716,-357.4794568312799
max_error,11,-152.38857857027085,-200.94239389888145,-82.9642386593209,-175.59900054864815,-130.38039947247864,-235.76095788530634,-4.831690603168681e-13,-206.30441991353433,-146.21391948127618,-24.04270480606843,-252.0050226345752,-63.94189765090633
max_error,12,-150.54865886776673,-179.79594642974436,-71.7936588018022,-127.81474231268457,-251.23749894395394,-156.47632699206596,-3.517186542012496e-13,-192.17661370237107,-191.45629087237188,-41.51511356002273,-178.71818906845587,-255.02196852152625
max_error,13,-235.78630646608593,-173.46858410180826,-39.06703692899652,-174.2743900942028,-144.5615129636798,-160.61394445379906,-5.968558980384842e-13,-131.88492931908783,-209.88775361624283,-15.065851792686146,-212.91342946281875,-206.92678030670936
max_error,14,-398.9662905548467,-420.5369782145679,-94.8848786158668,-346.7215609970665,-402.8637538167858,-384.32823250151796,-5.684341886080801e-13,-256.80124914372027,-378.0712083943998,-45.55790169251179,-415.48005499983117,-467.86302845603575
max_error,15,-242.05632324947493,-294.54909645288956,-88.46264743872518,-242.91403888811274,-252.66403054894656,-284.079137165835,-3.979039320256561e-13,-242.97523445173545,-290.4194334997668,-47.61875349547688,-338.1727972118587,-280.32245366853954
max_error,16,-174.21884987409584,-212.53741493887958,-88.92021054589063,-211.3675899476416,-253.19085438688037,-228.42015724068685,-2.5579538487363607e-13,-204.0225549553378,-199.95925762250494,-29.566385682508468,-261.45999837315367,-171.11412360305476
max_error,17,-273.11891256150295,-274.05024633018934,-75.5196242815307,-241.60717880882387,-225.24949416655528,-250.1997499810696,-9.450218385609332e-13,-265.86080918824945,-252.42943425163924,-41.882646564291974,-315.4459208104875,-245.804925134604
max_error,18,-183.4092709979905,-175.2412848068754,-66.26307687669393,-132.08286283476014,-175.95352777864952,-204.31229349175265,-2.5934809855243657e-13,-128.59034416128264,-180.19475278615602,-36.70452376400752,-216.5995390693467,-155.05850354064017
max_error,19,-344.08002167421535,-355.22343016429284,-105.1090180497182,-361.1087058234459,-244.58664460886536,-343.7201557166907,-9.094947017729282e-13,-258.55672802394406,-302.4105839341838,-41.89886659819308,-431.24261743087465,-272.1397122634088
max_error,20,-188.2027810486441,-233.1545938458576,-48.0314942266055,-147.64930519793114,-133.11975728541518,-260.26985753500406,-3.979039320256561e-13,-115.91584145463025,-159.79795317068968,-18.603821124344222,-280.78278985094084,-143.62440396812303
max_error,21,-270.1176749291827,-295.8566193715535,-111.4335268303154,-241.9772681696435,-266.3730765165159,-284.079137165835,-6.110667527536862e-13,-268.8324808853963,-280.2031427104889,-65.81341173185467,-331.8598252599675,-300.25700109285594
max_error,22,-134.323755925276,-149.40650391095204,-18.79498015652556,-96.92322671567527,-127.57770174339504,-173.23911881795527,-5.115907697472721e-13,-94.96648687283444,-109.53818337638094,-9.414013444583496,-183.45323819603564,-108.05656850926425
max_error,23,-335.25862076195773,-352.3840239999132,-111.77975275823093,-344.34585480637895,-287.9855273237748,-373.9373753657555,-4.547473508864641e-13,-224.1394813492785,-316.2081868226905,-49.309490202863174,-451.9080674520656,-317.6421536696588
max_error,24,-185.5919136845308,-227.72283810922704,-79.21853342236992,-213.6884672280405,-369.4686134222908,-235.07363743135286,-6.323830348264892e-13,-183.73443543153672,-199.99926546723435,-28.35885813143838,-261.51081315004694,-322.60362974589145
max_error,25,-184.13071468364018,-155.96621948124408,-58.2213258515994,-146.23045253920776,-179.07155292104144,-134.10209975263106,-3.410605131648481e-13,-147.1779891373841,-167.1965366764906,-26.16428157334545,-224.02487891485697,-257.80492095838974
max_error,mean,-228.7412121187269,-243.56667558072945,-73.93059658545246,-219.3047285989561,-232.48888823416746,-246.9876495456062,-5.981348749628524e-13,-192.5426281953328,-230.9365149395593,-33.052344423156924,-282.54830079206,-242.97152013164634
max_error,median,-188.2027810486441,-212.53741493887958,-75.78492564241697,-175.83568449687948,-230.89628724852238,-235.07363743135286,-5.684341886080801e-13,-187.61278052213183,-199.99926546723435,-29.566385682508468,-261.45999837315367,-251.78852264913587
max_error,std,89.54489322443085,91.08667509763436,28.648381367416313,91.11556100668524,67.7097576909054,91.83633998425938,2.7540086476892543e-13,62.41662366545515,78.87065052479322,14.925459878914769,94.82991727830165,87.37378981363406
neg_mean_absolute_error,1,-100.62712450985157,-118.42610188538427,-46.53849525562872,-95.94569533726698,-117.51747103962555,-140.77893147005986,-7.145395386487507e-13,-105.31568903889628,-107.87651725619683,-22.454575563298274,-146.34485747451532,-139.13678058861916
neg_mean_absolute_error,2,-163.7170443506281,-179.19541581368145,-51.13363425802833,-177.0358904460404,-158.50935871649313,-179.86310680651772,-2.3092638912203256e-13,-105.17317102153703,-163.50322222753945,-22.484464606741465,-198.02688048465868,-171.76296535468293
neg_mean_absolute_error,3,-62.523241032089885,-78.10490384456155,-14.120744165100621,-61.719467456041045,-135.52299424431882,-67.94962735801857,-6.266098750984384e-13,-67.8547209013916,-85.74588532793345,-5.5742273952568535,-78.44556619562353,-90.83603188290202
neg_mean_absolute_error,4,-69.79903751705415,-87.1308131525485,-34.10529614873367,-69.72414188474016,-103.15506965763407,-90.31723279435536,-1.5143442055887135e-13,-101.74341257512833,-75.90709017415847,-12.099270108853592,-96.29769467946309,-149.63511327428552
neg_mean_absolute_error,5,-54.642265250111585,-65.53791951057185,-18.43188281608821,-67.32766037294789,-59.87248766355165,-70.62516419340558,-1.1191048088221578e-13,-70.84048749732048,-53.779734481012554,-7.99710680139783,-82.15259420214409,-62.47827986482471
neg_mean_absolute_error,6,-81.62580679999346,-72.33104692669849,-22.991586129976533,-71.40741094097723,-85.93561668151676,-82.05258588678008,-1.3633538742396922e-13,-75.11785887896912,-72.4496092360699,-9.2427510143252,-83.27023335259972,-117.06174317592124
neg_mean_absolute_error,7,-125.57474632033653,-131.49396158081203,-22.91605773054414,-109.46426555929824,-129.14369777866278,-139.1087480532903,-3.019806626980426e-13,-95.07227529983972,-130.15036485377962,-11.548647657145754,-141.74847544280595,-124.46785134700764
neg_mean_absolute_error,8,-67.82376112174356,-84.05720145992805,-34.05816678437503,-70.85208502160675,-80.21565938778056,-94.13546207310574,-2.0605739337042905e-13,-66.5584243476116,-77.71134495482625,-11.626881590101105,-118.37575200852592,-68.10004682342752
neg_mean_absolute_error,9,-68.45801889137726,-69.99250160547956,-24.04332956982106,-53.57193997182296,-83.04733146121953,-88.43262703152564,-4.796163466380676e-13,-64.6095253095045,-58.92043824097249,-9.524271644733833,-97.16433514352543,-80.37416485175905
neg_mean_absolute_error,10,-154.88415712831426,-163.38101949487296,-40.40844453366455,-142.81163377086438,-115.5273746363289,-147.25673300323433,-1.8829382497642655e-13,-107.52727419492396,-158.9826827175208,-17.89781365652363,-176.8004866561076,-130.32267445439442
neg_mean_absolute_error,11,-66.70408342113146,-82.17452584247748,-38.45729909945407,-78.9556278749208,-65.3603599303895,-114.67066406522461,-1.3844481117075702e-13,-81.4425837824424,-72.14907019287546,-14.491625729633611,-100.3920041648181,-42.089118093624116
neg_mean_absolute_error,12,-81.6395186901263,-47.64658972993085,-31.357126633794916,-45.11294949714234,-89.7768275971651,-54.26090738932093,-1.7719159473017498e-13,-112.07884727014253,-68.35425228098737,-18.456618124466708,-65.6626073634845,-121.23343261356617
neg_mean_absolute_error,13,-72.47370840232892,-60.26734799484787,-19.96964244322385,-53.63172142941902,-79.80227910117878,-67.06370395761667,-2.042810365310288e-13,-57.030606844114445,-63.73212445307675,-7.766995622522403,-97.38278802615929,-63.14894487802924
neg_mean_absolute_error,14,-163.25948531100713,-160.47639154052376,-39.93618740949371,-147.63387081126365,-150.8450722984276,-160.83491875624918,-2.398081733190338e-13,-100.00575426614142,-149.56307285356056,-18.94644094045888,-189.6413582974668,-164.82586361625826
neg_mean_absolute_error,15,-116.27389416319028,-126.50372811368645,-33.28298510451281,-108.76644642314932,-99.34005261000988,-131.44671514642653,-1.4566126083082054e-13,-101.17480504548655,-113.77039208271961,-17.493762899596234,-158.48341525868545,-125.90435860138616
neg_mean_absolute_error,16,-74.96618286320594,-92.19573468222656,-40.06044210418129,-72.6437559364482,-121.34514827779242,-106.09290819199764,-1.3233858453531866e-13,-98.08544551656524,-88.19299730061068,-15.309728215804853,-110.64099843979703,-80.3143350754556
neg_mean_absolute_error,17,-91.53918240070648,-96.19605099989626,-23.139808309531972,-92.29516523241266,-76.41956957969379,-120.26116209662649,-3.277378368693462e-13,-79.28236210146574,-84.60077103126702,-11.633329161561527,-124.48994327076092,-91.38572325828162
neg_mean_absolute_error,18,-75.05154078552428,-68.12079498653088,-25.366678060256795,-59.60019970372731,-78.7680577911245,-91.18607471132981,-1.3211653993039363e-13,-66.66125699706222,-71.292408594591,-13.67092476431505,-97.51758586271848,-70.29980838931155
neg_mean_absolute_error,19,-123.13034898905909,-129.90877868266512,-40.985671621543375,-144.72086298138987,-125.94726694363756,-135.97852790289542,-4.489741911584133e-13,-94.98975973829825,-136.48065135866153,-18.84464510325614,-158.3741835580681,-140.68538870428839
neg_mean_absolute_error,20,-89.89824551426904,-81.99602932097649,-19.87937935043474,-71.26062379087927,-64.74643783381961,-90.4835492911784,-1.6231460620019789e-13,-64.24088728519398,-70.80684736107935,-8.607821508074704,-102.04750744775984,-89.13742003896924
neg_mean_absolute_error,21,-130.38582872804318,-134.50886069423578,-46.158032788533085,-123.40413247445363,-95.31407014296803,-134.5395239442292,-3.4572344986827375e-13,-98.45803302371696,-121.69004125559233,-26.98743911687184,-157.00710201065823,-97.07472478714347
neg_mean_absolute_error,22,-69.39552145024646,-53.577285074478525,-9.175917811844652,-47.87411152367457,-65.18005769684251,-82.762981584465,-2.4868995751603507e-13,-37.05065123191022,-51.906102410550076,-4.064552209932717,-88.92641761036751,-64.24594300653621
neg_mean_absolute_error,23,-181.02101292012662,-173.53642446751158,-46.98573259968952,-151.16847767885588,-170.4496160504418,-179.12585765942987,-1.91402449445377e-13,-97.23038946972721,-173.30712333109136,-20.974588043140926,-179.2029988309024,-194.5288665169477
neg_mean_absolute_error,24,-71.42251847178422,-84.99110601014587,-35.26240282955205,-82.94156323456019,-119.77950054311319,-72.9466367603513,-1.971756091734278e-13,-83.83356178047615,-80.43150971527326,-13.546161571563486,-107.04208958683944,-112.7340009629649
neg_mean_absolute_error,25,-66.95252679612788,-84.79960986048067,-21.687871870660324,-60.71013327564224,-107.0424493708265,-86.07084353500161,-1.5187850976872141e-13,-61.02757019396054,-95.61327397590722,-9.844001312318744,-79.06360650335803,-87.61291835385842
neg_mean_absolute_error,mean,-96.9515520731351,-101.06200573100612,-31.218112617146723,-90.42319330518181,-103.1425530813825,-109.12980774650543,-2.5565771721858257e-13,-83.69621414447307,-97.07670110671414,-14.043545774475815,-121.38005927487255,-107.17585994057781
neg_mean_absolute_error,median,-81.62580679999346,-84.99110601014587,-33.28298510451281,-72.6437559364482,-99.34005261000988,-94.13546207310574,-1.971756091734278e-13,-83.83356178047615,-84.60077103126702,-13.546161571563486,-107.04208958683944,-97.07472478714347
neg_mean_absolute_error,std,36.330123031785476,37.87476568180389,11.138813581153473,36.76277990959326,30.098072424742824,35.13584074128877,1.545276136887012e-13,19.293811020814637,35.67312488369748,5.701456150723752,38.10481348643014,38.08049912850888
neg_mean_absolute_percentage_error,1,-0.7814343998006349,-0.9644129409500648,-0.42635455279365386,-0.564409955587745,-1.2497258172246104,-1.854577363785129,-1.0287899554169497e-14,-1.3273109098556075,-0.8309729989026919,-0.21533337873341687,-0.9869883575929045,-2.195711079036447
neg_mean_absolute_percentage_error,2,-0.6853863672822946,-0.8024593510236142,-0.24187355138389807,-0.8174703838774939,-0.8637328405905272,-0.8807134856675609,-1.4691321686661532e-15,-0.40864410531733597,-0.7038923458421118,-0.10581477490882958,-0.99406977152349,-0.9150986282585396
neg_mean_absolute_percentage_error,3,-1.1377791015260272,-1.308740339008129,-0.29771140248091743,-0.9496400620294944,-2.659035861369227,-1.372528223153286,-1.424923138661434e-14,-1.0182498555969672,-1.7082269929677036,-0.12278598114729664,-1.0697402024223743,-2.4282363627484695
neg_mean_absolute_percentage_error,4,-2.296446968788173,-1.3770209303244805,-0.9242563508986736,-1.4744101921742438,-2.515751295987007,-1.8193077415320515,-2.266821453691138e-15,-2.884046030191419,-2.3952094957630465,-0.35402070473534397,-0.9761338474483775,-3.823709344019483
neg_mean_absolute_percentage_error,5,-0.7588659226361818,-1.029006780388707,-0.2996785664040581,-1.1078971908099655,-1.0468433508423498,-1.0187856145001906,-1.930556019876088e-15,-1.1121570210940979,-0.9860425485954015,-0.13303314824119766,-1.027370803764,-1.043525749407207
neg_mean_absolute_percentage_error,6,-1.1008011619866012,-1.0339942129084405,-0.3863599173206923,-0.9689384015663535,-1.8564732476855852,-1.7848445611522914,-2.67270773524051e-15,-1.480887789589619,-0.8881642636225668,-0.17247820562630042,-1.079725850922771,-2.695764959368585
neg_mean_absolute_percentage_error,7,-1.0779070840328604,-1.0777512152368138,-0.1765324989792273,-0.8077752212880316,-1.2455489237465796,-1.1150252248794363,-4.152379340009568e-15,-0.838727213526253,-1.0375722883078897,-0.09047339036317109,-1.0489865902256446,-1.1235796806235077
neg_mean_absolute_percentage_error,8,-0.934436683724339,-1.0449402063180862,-0.7052859079303386,-0.8519001490368954,-1.4264884950314454,-1.58383951441168,-4.248436173731555e-15,-1.1410586865876047,-0.8103724472839735,-0.26094637896695644,-1.21526079200982,-1.09669980513294
neg_mean_absolute_percentage_error,9,-0.9599151130143211,-0.7437507095033773,-0.3552891865509661,-0.6972961684251394,-0.9391565766660328,-1.0715890351515018,-6.08166089810765e-15,-0.8677517820126885,-0.7599434153754995,-0.15081279611367426,-1.2541700405763283,-0.9413438487447988
neg_mean_absolute_percentage_error,10,-1.518950803966832,-1.3416257589433327,-0.5947925704334458,-0.9122115525413684,-1.3261863512540086,-1.2967130617030418,-6.1827229870970115e-15,-0.901022664772476,-1.6651485438027493,-0.2646318489183979,-1.3005726100931765,-0.9219149604445909
neg_mean_absolute_percentage_error,11,-1.6542857912405564,-1.415621098180946,-1.1782175002335942,-1.5564355014730138,-1.6971362068179947,-1.4717466805208739,-2.7868324576881602e-15,-1.5673841724649464,-1.4387259427628356,-0.5205563247542728,-0.9000351746663737,-0.978970536129053
neg_mean_absolute_percentage_error,12,-1.6379007435286272,-0.5980338549232841,-0.65811188040498,-0.6682065935712147,-1.6081878316449434,-1.426214081141531,-4.629699421958796e-15,-2.5076485176610084,-1.1117948705257263,-0.43555097941919607,-1.1700488612082542,-2.353160153550297
neg_mean_absolute_percentage_error,13,-1.6656232740187593,-1.0392380367027818,-0.5824631932956893,-1.0091373307227052,-2.130916542164451,-1.007969507271821,-4.6419266789336856e-15,-1.425834477606816,-1.6675383070751604,-0.22682656550372543,-1.7480578835962328,-1.598917216704009
neg_mean_absolute_percentage_error,14,-1.015293676943206,-0.8790933778141793,-0.21813573003709594,-0.8823738005705823,-1.0122554347047812,-0.8733048054949495,-2.301565564451626e-15,-0.5504065456877163,-0.7778638686094865,-0.10918363703549867,-1.0190917677612386,-1.068094815870722
neg_mean_absolute_percentage_error,15,-0.7335484815617368,-0.8066725616056187,-0.24221875445800628,-0.737751206125572,-0.6802749655967982,-0.8428898782702337,-1.4355224284432616e-15,-0.696670527271841,-0.7227780713324535,-0.1281561891447002,-1.0037268884638872,-0.8537214086323359
neg_mean_absolute_percentage_error,16,-0.640619123968441,-0.8086824699623849,-0.5540704510529912,-0.573115560812467,-1.6769547757011019,-1.089186729730353,-2.2103633978325006e-15,-1.272751332001711,-0.7799068205881028,-0.23093915430799347,-1.055230755892969,-1.3019692357022583
neg_mean_absolute_percentage_error,17,-0.8745123123235345,-0.6708454789667808,-0.27711348405536484,-0.8399609315485704,-0.7327360321339608,-1.3086314737989078,-5.528712557635628e-15,-0.7530991936367525,-0.6384092952914954,-0.13269920671899677,-0.9003510684126385,-0.7782162706883904
neg_mean_absolute_percentage_error,18,-1.338901719606901,-0.9901840781936972,-0.9660455461600717,-1.2027328083588191,-1.5999129222015447,-1.3205986397103384,-2.98102356754392e-15,-1.6344070464265401,-1.3379631523758522,-0.5431713182065866,-0.9250524176812431,-2.5721974345117578
neg_mean_absolute_percentage_error,19,-0.5809289485318005,-0.9196875483743604,-0.3855741042558903,-1.2379800992910075,-1.3994764835055402,-1.5136787231356084,-9.645160873722966e-15,-0.7980141006613353,-1.1305054214149872,-0.21780185812402214,-1.1037031736714857,-1.4701805978648657
neg_mean_absolute_percentage_error,20,-1.4685603472673199,-0.8080228291923991,-0.38998892822540976,-0.906871177413635,-1.4436712015390076,-1.2035185101487662,-2.9967217663898577e-15,-1.13131620968261,-1.0322257685755223,-0.162033136908903,-1.1348967193822932,-1.8237296086955577
neg_mean_absolute_percentage_error,21,-1.551405788882831,-1.302925882276583,-1.188094329439588,-1.1346294669347783,-0.9092709761370075,-1.575672389292715,-1.0215092340056826e-14,-1.4874612274403771,-1.3353614981365869,-0.745240829222284,-0.9231800815179069,-0.5957312202123298
neg_mean_absolute_percentage_error,22,-1.022620761425097,-0.48442567797822406,-0.1986094061177536,-0.64018530680597,-1.5364796232605717,-0.9627952592181273,-4.56189865147799e-15,-0.5589112687723714,-0.8771660051964315,-0.1003195599337002,-0.9787736856316649,-1.3033369636155827
neg_mean_absolute_percentage_error,23,-1.8760773817871759,-1.5789248369841515,-0.4701283567210749,-1.4924990075012796,-2.106661802427609,-1.8465141139610879,-2.0697179308331645e-15,-0.8890367464194698,-1.9613882396893747,-0.22195907883742216,-1.2519145348613026,-2.1220944036167726
neg_mean_absolute_percentage_error,24,-1.057988556306222,-0.8642121368656938,-0.693994665852519,-1.2122107389361552,-2.3544035786479345,-1.0664122165446164,-7.114822741344044e-15,-1.4823310002028856,-1.2418644935248007,-0.2841795735034855,-1.126999406670462,-2.2001226307364043
neg_mean_absolute_percentage_error,25,-1.4380843715083838,-1.6326474423748825,-0.39578183951372514,-1.3079058370468561,-2.267377719796044,-1.5872395703684843,-2.819152853939217e-15,-1.0409032699776315,-2.152674828554516,-0.17362076935529114,-0.9991172781931003,-2.1081608413530146
neg_mean_absolute_percentage_error,mean,-1.1923309954263543,-1.0209167902000404,-0.512267306999985,-0.9821577857779742,-1.5313863542670665,-1.3157718561817833,-4.7791904379782065e-15,-1.1910412677783233,-1.1996684769646786,-0.2441027515492265,-1.0877279425675974,-1.6125675102267167
neg_mean_absolute_percentage_error,median,-1.0779070840328604,-0.9901840781936972,-0.39578183951372514,-0.9122115525413684,-1.4436712015390076,-1.3086314737989078,-4.152379340009568e-15,-1.1121570210940979,-1.0375722883078897,-0.21533337873341687,-1.0489865902256446,-1.3033369636155827
neg_mean_absolute_percentage_error,std,0.4262811802014925,0.293043621843956,0.287424362846661,0.28001169595695796,0.5515153211959724,0.3149783044720554,3.218705967987942e-15,0.5570092992836312,0.4751892467198153,0.15881841926938323,0.17394153879588906,0.7717948767732674
neg_mean_squared_error,1,-16426.974547203623,-22625.18514663892,-3021.78943653659,-15257.76106638182,-20381.59543457165,-26200.659332035153,-7.132328102374734e-25,-12584.487648088067,-18922.72643853043,-708.3068579578523,-33003.063880810456,-23149.489153974646
neg_mean_squared_error,2,-45757.481761093106,-51461.278173122264,-4300.652499635652,-49694.92561953078,-33401.84284381682,-50973.600375106,-9.76925345025701e-26,-21047.77233673523,-44709.40288991596,-842.1702053471699,-55116.51181220182,-39640.51230275396
neg_mean_squared_error,3,-4700.368798978769,-7366.801950100819,-272.68384438017586,-5114.62007500536,-24512.357063211493,-5687.075709440469,-5.244994163851568e-25,-6449.874693952311,-8146.284990922383,-45.09102555363534,-8621.65624072326,-12054.537329225815
neg_mean_squared_error,4,-8088.119297972875,-12048.43280833066,-1679.3296772278093,-8266.958378138406,-14929.07735542185,-12162.42455219138,-5.304064068434517e-26,-11980.370531605637,-8867.828997551816,-210.8616714759367,-16263.800025426957,-34221.51777081913
neg_mean_squared_error,5,-4047.748505247616,-4775.242422314878,-504.9228821471207,-6167.714678171736,-8443.726380160828,-6552.494460808178,-1.5360699546463542e-26,-6252.565587768435,-4779.985689267196,-101.61630936129819,-8529.044770715727,-7176.43377764728
neg_mean_squared_error,6,-10026.585330268801,-7561.151516306658,-615.8538665088872,-7621.469013926042,-10992.271774111303,-7693.033921027487,-3.5027001913623366e-26,-6284.012126322732,-10449.991972858854,-98.008975743299,-9637.207830876003,-21339.79014306276
neg_mean_squared_error,7,-23594.825509138707,-23535.35713733551,-985.7141282193963,-18176.656626243777,-20051.315345690935,-26696.733198947997,-1.2162341892335472e-25,-12577.351155910295,-24054.140020461986,-270.5429574948632,-28033.77804595541,-19014.736309059546
neg_mean_squared_error,8,-8146.78497612466,-11259.597666632937,-1525.9504118923353,-8668.182685852538,-10108.11900970338,-12751.417925283047,-9.157412932167593e-26,-6060.284987293743,-10039.352957222633,-172.94341567838546,-20818.79550733392,-6988.920082585442
neg_mean_squared_error,9,-8057.385442966912,-7862.101639954904,-764.6149471375697,-5535.620805478085,-11100.672198435681,-11280.278070619665,-3.3494402946959984e-25,-5308.074378018679,-7022.436181037435,-130.48701318463316,-11669.39369708268,-12252.959083789367
neg_mean_squared_error,10,-38429.745340023,-42784.759809443596,-2680.392196252145,-36358.119096736205,-20358.70997745505,-41603.73234861171,-5.608169947397217e-26,-20344.490162993607,-39735.64534430789,-533.09526219959,-50794.78200714714,-34233.1022154104
neg_mean_squared_error,11,-6142.118060524852,-10189.137070010114,-1958.3293869746615,-9590.634051162433,-6252.407002549786,-17636.584928707867,-3.881521058810782e-26,-9498.243528788229,-7717.882667320549,-253.65112698910298,-17261.549356199564,-2279.827722360133
neg_mean_squared_error,12,-8348.849745312196,-5912.68182688351,-1451.6014434750196,-3649.3591870222945,-13787.71762414986,-5661.185860764643,-4.455644164869319e-26,-15141.922936162078,-7655.187118579583,-540.6236525908555,-6283.484528361105,-20374.295445437157
neg_mean_squared_error,13,-9360.139042054454,-6658.783218612877,-499.61456151432117,-5128.3385699062665,-8841.15413140556,-8479.484404946417,-6.757382514123187e-26,-4507.149570352381,-7898.4533284942045,-71.40367568071252,-12897.449093038445,-7778.555154354187
neg_mean_squared_error,14,-37594.013124715595,-39017.85280246177,-2222.4104472357803,-30627.639436466743,-34811.712228229095,-37032.919713560485,-9.312345213953e-26,-16302.484962488306,-33106.87955471293,-506.54055394113226,-48188.81734121402,-47551.528971993
neg_mean_squared_error,15,-18430.046699607956,-21979.86272328394,-1762.795992403409,-15560.02032813579,-14596.444691073983,-26363.998283310797,-3.650217180638666e-26,-13812.667212917342,-20047.6577036746,-500.36299894134913,-33272.94837041988,-23298.797419697737
neg_mean_squared_error,16,-9192.383325372604,-12620.039721725148,-2242.1472390622794,-10648.765927013463,-19356.31642245107,-14746.70792628111,-2.1337109764417927e-26,-12041.733126851008,-12777.929892009843,-305.9799033541677,-18067.206258751816,-10667.761457656477
neg_mean_squared_error,17,-14622.020573423992,-16731.512287333353,-1022.5057650034717,-14715.198432723475,-10819.259334277713,-20356.702480608652,-2.0044008968579645e-25,-13196.297171830822,-15498.738693027237,-292.20717953106833,-24689.927771464423,-14389.53021507422
neg_mean_squared_error,18,-9017.877529740208,-7839.729957556454,-1031.8135903490172,-5079.207215050945,-8234.843304761525,-12522.562072834044,-2.5990205813864065e-26,-5574.699859309043,-8159.064544139049,-311.10784819941364,-15526.609220693237,-7308.147850632606
neg_mean_squared_error,19,-29764.891154019635,-28908.520490111558,-2564.0288649656763,-32780.6651450762,-22146.808337546274,-28154.647764854504,-2.8110742813188667e-25,-15293.970428555436,-29013.275785749924,-486.6566416774888,-41032.38299927763,-26739.030826296606
neg_mean_squared_error,20,-10370.213513787365,-11187.141980476588,-682.9896378384343,-6704.901768459655,-6238.688394550552,-14857.653171937482,-4.0358518341559574e-26,-5252.171910381742,-6951.797313018191,-115.23397933699567,-16388.31520345522,-8798.240969212555
neg_mean_squared_error,21,-22958.156928597542,-24941.534905430388,-3112.2077625481056,-21553.193073356015,-13901.391579509193,-26399.880084295248,-1.3920278976575235e-25,-14621.838346900153,-22328.722073284553,-1078.8762320337855,-35438.13125415603,-16639.80860880138
neg_mean_squared_error,22,-6082.616434023607,-5699.588945134511,-124.56506295419202,-2989.397704511925,-6225.203817459933,-9755.02971617312,-9.117023253820278e-26,-2144.1095068189397,-4182.080179865648,-23.496328074429258,-11693.545103400722,-4922.305695813719
neg_mean_squared_error,23,-42986.84284857735,-40121.809971228446,-2876.78772985474,-34291.15160262966,-39098.497408953524,-40977.3903581211,-5.489367495070933e-26,-13663.34719046098,-42323.44549822859,-566.6718544378431,-49967.664073049484,-46306.22172372919
neg_mean_squared_error,24,-9272.997872773312,-12733.991290927797,-1695.3153466483468,-11456.764292356118,-26940.57001407161,-10238.22868700629,-8.094343976291758e-26,-9156.440428131227,-10964.042375439025,-240.51247907013314,-17241.085440627612,-24203.85590692377
neg_mean_squared_error,25,-7551.614718358782,-9214.555879189507,-849.6772187684903,-5532.9458421966265,-13471.46564561149,-8743.399395142942,-3.535043488476398e-26,-5460.420791740082,-12298.650894669518,-187.21178087396817,-10442.066704782217,-13712.76690843697
neg_mean_squared_error,mean,-16358.8320431963,-17801.466053621887,-1617.9477575813453,-14846.808424861296,-16760.086692767203,-19341.112989704634,-1.317776562168822e-25,-10582.27122321506,-16706.0641241716,-343.74639714916435,-24035.16866148659,-19401.706921789922
neg_mean_squared_error,median,-9360.139042054454,-12048.43280833066,-1525.9504118923353,-9590.634051162433,-13901.391579509193,-14746.70792628111,-6.757382514123187e-26,-11980.370531605637,-10964.042375439025,-270.5429574948632,-17261.549356199564,-16639.80860880138
neg_mean_squared_error,std,12519.873567425637,13041.231901036052,1034.8092249057736,12228.916462594521,9067.633476561099,12465.579553363365,1.6498746171836197e-25,5017.143090437607,11969.707522390332,260.82661634443843,14809.302948886365,12526.877899524214
neg_median_absolute_error,1,-91.34909449750754,-116.68664862902764,-43.08050887211872,-90.81428890857845,-137.71937504021238,-127.91797004620747,-7.105427357601002e-13,-98.3322915162983,-97.3220267190811,-21.258968287952825,-143.69681391434975,-120.38131343598313
neg_median_absolute_error,2,-164.3934927992957,-164.25162946217958,-46.6826213283266,-168.33283112152998,-144.63568180477375,-155.11368355824126,-1.7763568394002505e-13,-90.88592122200734,-174.3976238128933,-20.651840407646148,-179.69220656889203,-160.67714365868136
neg_median_absolute_error,3,-67.10789200343137,-78.2566788580819,-10.741752885253078,-59.354735044520694,-107.41582596436007,-65.23345053462599,-6.963318810448982e-13,-64.51160638861911,-91.199439277025,-4.436828829256591,-68.58153543969814,-79.73744947397647
neg_median_absolute_error,4,-58.05922535802625,-69.24308123283458,-28.65433868145977,-44.83475380368161,-87.96418408001497,-79.98158220661027,-5.417888360170764e-14,-84.37029748153567,-50.00854951191127,-10.933357415168658,-72.85858619456353,-123.88599979818713
neg_median_absolute_error,5,-51.59407620109056,-65.27707511143723,-18.83305143742515,-55.31169818983658,-41.998033778369404,-57.86919920330142,-9.237055564881302e-14,-62.96203108620558,-38.281955341911825,-7.025295254751143,-76.87552473788179,-46.81122671925462
neg_median_absolute_error,6,-63.056728724090306,-52.84619278770663,-22.43535593881028,-59.39044244234981,-60.228913033251516,-79.50525489030045,-1.2079226507921703e-13,-70.60855923194558,-44.6783684040075,-8.786968469190382,-73.69570068249158,-91.29144857722376
neg_median_absolute_error,7,-115.13187283506898,-122.61812444912368,-15.158035316373155,-110.72172769088047,-140.16114599108406,-161.27401503308403,-2.913225216616411e-13,-75.07405465821932,-111.5990885283774,-6.3782911872076085,-119.21935324711214,-139.0739473075679
neg_median_absolute_error,8,-45.770187888535816,-59.79733520340028,-32.717472540423,-43.32589968451304,-70.74553588700839,-82.65913035223402,-1.3500311979441904e-13,-52.764127785708816,-59.91457241510918,-12.3049373627792,-97.84951781446023,-52.18845004117681
neg_median_absolute_error,9,-35.40155565180474,-59.93434766119259,-20.628851061935183,-28.713475571972072,-56.81432452864948,-93.72640232824189,-4.831690603168681e-13,-58.639949814722634,-32.07692953399177,-8.66125821241917,-83.56690263426947,-52.05656340643767
neg_median_absolute_error,10,-136.49330333105647,-127.26554203225312,-31.19015041923359,-94.07321962295788,-69.06426590744323,-95.97120491346638,-1.580957587066223e-13,-63.56310991024908,-121.43014650221271,-14.228812770211192,-147.73466418741037,-64.30765535296032
neg_median_absolute_error,11,-58.36244417044457,-55.467390085996726,-39.02431964448639,-56.817284154810295,-67.66319346331687,-110.39510142033788,-7.815970093361102e-14,-66.0920711257093,-42.34258312664164,-15.204167359144297,-74.83096387427027,-51.22696367805996
neg_median_absolute_error,12,-71.36442716890593,-17.395294032575706,-24.889335062805106,-26.053137545630825,-69.01801500302653,-30.471503869324508,-1.4921397450962104e-13,-92.88944396057724,-41.66796270174929,-15.001659510917024,-51.726938320154424,-105.63299759509994
neg_median_absolute_error,13,-54.77157791800083,-41.267255713362026,-19.77486408480666,-39.978875048564745,-81.94984388650121,-36.700136539380765,-1.8474111129762605e-13,-59.111025276538896,-40.17214428748125,-7.419386680874467,-60.3833760751552,-34.464236179699334
neg_median_absolute_error,14,-145.80281098710643,-142.93524278638114,-35.95756567637733,-134.94588015240174,-116.43346665214217,-143.00736248912366,-2.6290081223123707e-13,-87.36192690556958,-135.2349373063262,-16.48507856396401,-188.44792428694493,-119.43228205951395
neg_median_absolute_error,15,-90.85032648062878,-96.42707543984797,-31.205229189713588,-91.27296426638217,-76.73007209310077,-111.23832621466394,-9.947598300641403e-14,-86.76530364099676,-122.6510540186807,-17.02306601455767,-130.22827038263708,-112.72061508250643
neg_median_absolute_error,16,-61.34567175436658,-81.98005798610056,-40.16685255733404,-56.76473651403743,-128.5660967633791,-95.6119945735852,-1.2079226507921703e-13,-89.10204704761423,-55.09851657951979,-16.126989654300097,-83.86923220605772,-78.1551702393792
neg_median_absolute_error,17,-53.65559975363847,-68.24509676707851,-14.496526315442562,-71.85085336690219,-45.11946115813846,-107.94314079720235,-1.5631940186722204e-13,-43.39172835706042,-22.461476851978897,-7.955350766795739,-125.88755068381224,-57.71869873290131
neg_median_absolute_error,18,-58.42699907546419,-57.57936233668298,-18.244043987402208,-61.20707498391884,-73.87105741419415,-67.7370780575028,-1.1368683772161603e-13,-49.20907777206408,-50.97476215285942,-10.504914957168893,-75.27660879539488,-65.34332803824266
neg_median_absolute_error,19,-91.4595805151502,-112.75220219177935,-42.67780308574351,-131.7679215223793,-102.01246481877146,-129.19871033620774,-3.623767952376511e-13,-77.95215017550301,-115.00215435471844,-18.640306824219664,-125.93824836057959,-130.1712062387922
neg_median_absolute_error,20,-84.9393879816792,-82.66980077224727,-15.620086177118905,-68.71297884634211,-61.559345502484916,-71.48458767143453,-1.270095140171179e-13,-61.323492214849495,-65.97502057795855,-6.957548529354842,-73.15226795197566,-91.99485303415197
neg_median_absolute_error,21,-103.2629849520556,-115.29411105845078,-38.956944649311694,-115.55327769328943,-78.41169864348308,-104.6475872766234,-3.410605131648481e-13,-67.27726083071391,-104.51383142424686,-19.701429827072968,-143.86467500228088,-79.48185516248518
neg_median_absolute_error,22,-76.4585581696509,-26.162079516817396,-8.063111514464318,-48.92094329247728,-63.50895263256394,-85.55036126250953,-2.042810365310288e-13,-31.924811936746703,-44.857144902423556,-3.5793456009178684,-71.84883423827887,-63.35218854962517
neg_median_absolute_error,23,-171.46054528030504,-154.95495277559093,-41.01526998706803,-142.9909391323069,-201.58859025338086,-155.40034603880986,-1.616484723854228e-13,-84.54804304550782,-175.4536875505957,-18.378055605754355,-159.52568546862193,-199.92287322443258
neg_median_absolute_error,24,-54.8636284023643,-40.4691685447233,-26.953067849937415,-70.59776806516933,-63.01297548994188,-46.89015178766254,-9.237055564881302e-14,-64.18384116382533,-62.702896972109386,-12.083260178157637,-81.3276197953816,-80.16412044625375
neg_median_absolute_error,25,-57.03209336386301,-73.55947095217758,-11.979422909804988,-46.665313199906606,-115.20473547352273,-78.22995103189763,-1.2079226507921703e-13,-59.0354022480809,-102.69389801121413,-3.6869847145474886,-57.25440359109031,-65.23565812893334
neg_median_absolute_error,mean,-82.49656261054128,-83.33340865548197,-27.16586324692701,-76.7589207946136,-90.45589021052461,-94.95032929730318,-2.1977086817059899e-13,-69.67518299187476,-80.10843083460098,-12.136564119373196,-102.69333617815059,-90.61712976646103
neg_median_absolute_error,median,-67.10789200343137,-73.55947095217758,-26.953067849937415,-61.20707498391884,-76.73007209310077,-93.72640232824189,-1.5631940186722204e-13,-66.0920711257093,-62.702896972109386,-12.083260178157637,-83.56690263426947,-79.73744947397647
neg_median_absolute_error,std,36.76490587200303,38.70077950694336,11.376158986504933,37.32612479745193,37.1089249364748,35.441746916472844,1.731639223853051e-13,16.398680530553623,42.86674011993884,5.411480450323382,39.290191813686,39.09134136742899
neg_root_mean_squared_error,1,-128.16775939058786,-150.41670501190657,-54.970805310970206,-123.52230999451807,-142.76412516655452,-161.86617723303146,-8.445311185725919e-13,-112.18060281567428,-137.5599012740647,-26.614034980773816,-181.66745410449957,-152.1495617935676
neg_root_mean_squared_error,2,-213.909985183238,-226.85078393764095,-65.5793603173716,-222.9235869519661,-182.7617105517915,-225.77333849484089,-3.12558049812463e-13,-145.07850404775763,-211.4459810209595,-29.02016894070691,-234.76906059402677,-199.09925239124823
neg_root_mean_squared_error,3,-68.55923569424304,-85.83007602292345,-16.513141566042965,-71.51657203058156,-156.56422663945776,-75.41270257350858,-7.242233194154665e-13,-80.31111189587845,-90.25677254878097,-6.714985149174594,-92.85287416511812,-109.7931570236771
neg_root_mean_squared_error,4,-89.93397187922301,-109.76535340593888,-40.979625147477975,-90.92281549830277,-122.18460359399563,-110.28338293773628,-2.303055376762469e-13,-109.45487897579366,-94.1691509866783,-14.521076801530137,-127.5296045058831,-184.9905883303773
neg_root_mean_squared_error,5,-63.621918434197,-69.10312888947126,-22.470489139026785,-78.53479915408032,-91.88975122482826,-80.94747964457063,-1.2393828926713304e-13,-79.07316604113203,-69.13744057504006,-10.08049152379477,-92.35282762707229,-84.71383462957677
neg_root_mean_squared_error,6,-100.13283842111339,-86.9548820728696,-24.816403174289526,-87.30102527419733,-104.8440354722733,-87.7099419736867,-1.8715502107510598e-13,-79.2717612162284,-102.2252022392661,-9.899948269728434,-98.16928150330939,-146.08145037294352
neg_root_mean_squared_error,7,-153.60607250085755,-153.41237608920446,-31.396084600143954,-134.8208315737734,-141.60266715599298,-163.39134982901635,-3.487454930509565e-13,-112.14879025611599,-155.09397158001335,-16.44819009784551,-167.43290610258012,-137.893931371397
neg_root_mean_squared_error,8,-90.25954229955224,-106.11125136682224,-39.06341526149929,-93.10307559824508,-100.53914167976261,-112.92217641049541,-3.026121764266533e-13,-77.84783225815438,-100.19657158417463,-13.150795248895994,-144.28719800222723,-83.59976125914142
neg_root_mean_squared_error,9,-89.76294025357521,-88.66849293833128,-27.651671687939047,-74.40175270434214,-105.3597275928316,-106.20865346392291,-5.787434919457841e-13,-72.85653284379293,-83.79997721382408,-11.423091227186848,-108.02496793372669,-110.69308507666307
neg_root_mean_squared_error,10,-196.0350615069228,-206.84477225553368,-51.772504249380724,-190.67805090449244,-142.68395136614018,-203.96993001080259,-2.368157500547043e-13,-142.63411290078403,-199.3380178097191,-23.088855801004737,-225.37697754461777,-185.02189658364873
neg_root_mean_squared_error,11,-78.37166618443716,-100.9412555400918,-44.253015569276876,-97.9317826405832,-79.0721632595807,-132.8028046718437,-1.9701576228339655e-13,-97.45893252436242,-87.8514807349344,-15.926428569805063,-131.38321565633703,-47.74754153210543
neg_root_mean_squared_error,12,-91.37204028209175,-76.89396482743955,-38.09988770948045,-60.409926229240625,-117.42111234420265,-75.24085233943488,-2.1108396824177147e-13,-123.05252104756765,-87.49392618107603,-23.25131507228904,-79.26843336638554,-142.73855626787443
neg_root_mean_squared_error,13,-96.74781156209403,-81.60136774964545,-22.352059446823265,-71.61241910385563,-94.02741159579774,-92.08411592096878,-2.599496588596182e-13,-67.13530792624981,-88.87324304026609,-8.450069566619705,-113.56693661906377,-88.19611756961973
neg_root_mean_squared_error,14,-193.89175620617704,-197.52937199936056,-47.14244846458211,-175.00754108456798,-186.57897048764391,-192.4393923123862,-3.0516135426939303e-13,-127.68118484133952,-181.95295973056588,-22.506455828075914,-219.51951471615004,-218.06313070299848
neg_root_mean_squared_error,15,-135.75730808913366,-148.2560714550468,-41.985664129597964,-124.73981051827757,-120.81574686717781,-162.36994267200686,-1.910554155379707e-13,-117.52730411660663,-141.58975140763047,-22.368795205404986,-182.40873984110488,-152.63943599115444
neg_root_mean_squared_error,16,-95.87691758380953,-112.33895015409904,-47.351317184026456,-103.19285792637717,-139.12697949158198,-121.43602400556891,-1.46072275824052e-13,-109.73483096469874,-113.03950589068339,-17.49228125071649,-134.41430823670453,-103.28485589696331
neg_root_mean_squared_error,17,-120.92154718421358,-129.35034707078816,-31.976644054738948,-121.30621761774404,-104.01566869600806,-142.67691642521802,-4.477053603496349e-13,-114.87513730930128,-124.49393034613068,-17.094068548214857,-157.13028915987022,-119.95636796383184
neg_root_mean_squared_error,18,-94.96250591544121,-88.54224956232169,-32.12185533790066,-71.2685569872924,-90.74603740528578,-111.90425404261468,-1.6121478162334887e-13,-74.66391269756122,-90.32754034146534,-17.6382495786689,-124.6058153566407,-85.48770584494946
neg_root_mean_squared_error,19,-172.52504500512276,-170.02505841819774,-50.63624062828595,-181.05431545554555,-148.81803767536474,-167.79346758695496,-5.301956508043862e-13,-123.66879326877672,-170.33283824838335,-22.060295593610906,-202.56451564693563,-163.52073515703324
neg_root_mean_squared_error,20,-101.83424529001708,-105.76928656503544,-26.13407044144548,-81.88346456067706,-78.9853682307714,-121.89197336960905,-2.008942964385987e-13,-72.47186978670926,-83.37743887298404,-10.734709094195132,-128.01685515374615,-93.79893906229726
neg_root_mean_squared_error,21,-151.5194935597316,-157.9288919274443,-55.787164854902834,-146.8100578072089,-117.90416268948773,-162.48039907722793,-3.730989007833611e-13,-120.9207936911603,-149.42798289906932,-32.84625141524959,-188.2501826138717,-128.99538212200227
neg_root_mean_squared_error,22,-77.99113048304665,-75.4956220262772,-11.160871962091134,-54.67538481356967,-78.89996082039542,-98.76755396471616,-3.019440884306278e-13,-46.30453008960289,-64.66900478487084,-4.847301112415987,-108.13669637732013,-70.15914548947784
neg_root_mean_squared_error,23,-207.33268639695322,-200.30429344182429,-53.63569454994258,-185.17870180620034,-197.73339983157504,-202.42872908290735,-2.342939925621426e-13,-116.89032120094879,-205.7266280728593,-23.80487039321666,-223.53448072512097,-215.1888048289901
neg_root_mean_squared_error,24,-96.29640633363901,-112.8449878857178,-41.1742072983603,-107.03627559083003,-164.13582794159115,-101.18413258513556,-2.8450560585499466e-13,-95.68929108385758,-104.70932324983781,-15.50846475542093,-131.30531383240975,-155.57588472164883
neg_root_mean_squared_error,25,-86.9000271482051,-95.99247824277435,-29.14922329614445,-74.38377405184968,-116.06664312200766,-93.50614629607479,-1.8801711327632914e-13,-73.89466010301476,-110.89928266075268,-13.682535615665985,-102.1864311187264,-117.10152393729541
neg_root_mean_squared_error,mean,-119.85159651150494,-125.51088075426826,-37.92695461526966,-112.96863623513276,-125.02165723608401,-132.29967347697118,-3.1687345889746927e-13,-99.71306735612278,-121.91951293176122,-17.166949185608477,-147.95019522013794,-131.85962583681933
neg_root_mean_squared_error,median,-96.74781156209403,-109.76535340593888,-39.06341526149929,-97.9317826405832,-117.90416268948773,-121.43602400556891,-2.599496588596182e-13,-109.45487897579366,-104.70932324983781,-16.44819009784551,-131.38321565633703,-128.99538212200227
neg_root_mean_squared_error,std,44.65900644707312,45.26019074097829,13.397532279961876,45.66065759530347,33.61059229930842,42.87084542660009,1.7711258358240973e-13,25.28982842267584,42.91499144417613,7.003017407368116,46.32395056350079,44.88592202421529
r2,1,0.3738681754067028,0.13761670373819734,0.8848212415500766,0.4184340063198979,0.22313354166953558,0.0013336548386374547,1.0,0.5203287014278272,0.2787399044668394,0.9730021213540754,-0.2579473198476885,0.117632291891003
r2,2,-0.19892256867664604,-0.3483715764088249,0.8873157100565572,-0.3020901846181361,0.12481584039239657,-0.3355936022769228,1.0,0.4485131544905844,-0.17146114894712206,0.9779337317746297,-0.44414481250078097,-0.03864773594438775
r2,3,0.45792269225730364,0.15041216156231751,0.9685523135421523,0.41014852260358203,-1.8269255225548044,0.3441291904217877,1.0,0.25615821674778994,0.06051707326808675,0.9947998076787544,0.005694148027342583,-0.39020817747966663
r2,4,0.4846677983432416,0.23233755872187645,0.8930019911933991,0.47327311763581537,0.0487981174805614,0.22507460745097208,1.0,0.2366741271653301,0.43498881843034,0.986565009070285,-0.03624335468309825,-1.180414191132428
r2,5,0.5269259415383004,0.4419012668563057,0.9409879549685846,0.2791583245713517,0.013153138831573763,0.23418780993837873,1.0,0.26924151177652567,0.4413469052044908,0.9881237582292657,0.0031816899560075385,0.16126591163658743
r2,6,-0.03974614123182474,0.21591670011367226,0.9361366147922516,0.20966184032514712,-0.13988678937391819,0.20224063624067068,1.0,0.3483546846129627,-0.08365295579569443,0.9898365743691879,0.0006318876923360195,-1.2129133423882803
r2,7,0.1588163408797767,0.16093645923267397,0.9648581161619126,0.3519805210886796,0.2851467027747694,0.04822963364787458,1.0,0.5516024365905644,0.1424412309569555,0.9903548210243559,0.0005623908289812407,0.32210198123882006
r2,8,0.525400612225703,0.34406048829941216,0.9111041799457753,0.495026049186544,0.4111410688247985,0.2571529556347374,1.0,0.6469518278515367,0.4151471063601775,0.9899250023854684,-0.21282047223971978,0.5928532295722413
r2,9,0.29156758177479347,0.3087375903076196,0.9327724831031108,0.5132896072353492,0.023991578269665248,0.008200026126679472,1.0,0.5332962541811375,0.382563800530727,0.9885271430848497,-0.026012328014207275,-0.07732135884355751
r2,10,0.09489020841574902,-0.007680500910770549,0.9368705360743778,0.14368181972390393,0.5205050779915597,0.020135439826561075,1.0,0.5208399876608716,0.0641332291474741,0.9874443679656262,-0.1963351343932922,0.19373090460729236
r2,11,0.6461550207810689,0.4130078648327895,0.8871814226933538,0.44748738576999025,0.6398013186844413,-0.01603664502962654,1.0,0.452809967027364,0.5553758483439464,0.9853872594317004,0.005569005179776987,0.8686600314269554
r2,12,-0.44274136438249667,-0.021754002803474837,0.7491528161379748,0.36936444980787453,-1.3826169045569188,0.021706311415111035,1.0,-1.616633335455505,-0.32287146672680045,0.9065763392622641,-0.08583138013882374,-2.5208249885904377
r2,13,-0.11514823857064327,0.20668588961152,0.940476920723749,0.38902000308644624,-0.05331741465290052,-0.010228807037867105,1.0,0.46302721767584953,0.05899407293745784,0.9914931089372644,-0.5365762809223757,0.07327850152333182
r2,14,0.21493405672985744,0.18520038514850745,0.9535899839076897,0.3604110163881451,0.2730361186330468,0.22665122367954793,1.0,0.6595594704862991,0.30863769345060243,0.9894220460990653,-0.006314468624290637,0.006993857705697826
r2,15,0.41054161546813495,0.29700588477756185,0.9436195200762316,0.5023352574521143,0.5331538303865387,0.1567856505642049,1.0,0.5582218192873211,0.35880466738550343,0.9839966132564514,-0.06418712414098571,0.25482166635842773
r2,16,0.492683747815987,0.30351563599753784,0.8762586704770929,0.4123077955674449,-0.06825113313338727,0.18614745138361966,1.0,0.3354316608128928,0.2948018730254872,0.9831133480492699,0.002893260409809084,0.41125945575469347
r2,17,0.4094687165017118,0.3242738665089524,0.9587046373816923,0.40570559494341263,0.5630486861176851,0.17786535839542783,1.0,0.4670486019921346,0.37406119714857256,0.9881987937365151,0.002861836833763731,0.418858173247984
r2,18,0.40535896314695774,0.4830463005030933,0.9319619609846403,0.6650758413175791,0.45699243032336945,0.1742592122715223,1.0,0.6324029358846774,0.46198930022311924,0.979485472849203,-0.02382838704076029,0.5180989538787073
r2,19,0.25862073732173474,0.27995108414216074,0.9361355692665676,0.18350430950332275,0.44837075496076306,0.2987284283062045,1.0,0.6190601718960298,0.27734185559030267,0.9878784323343439,-0.022028190747422016,0.3339883940393963
r2,20,0.3540869916137629,0.3032042665036141,0.9574597098616792,0.5823824392388709,0.6114207307351033,0.07458496924037072,1.0,0.6728663151741234,0.5670044488309647,0.9928226042633627,-0.020752944129084128,0.4519979472577281
r2,21,0.3222292022037949,0.263675909887244,0.9081213903759726,0.36370655058169243,0.5896030639295331,0.22062263786651537,1.0,0.5683340316712847,0.3408113804410565,0.9681494116978504,-0.046204648188334474,0.5087595057809191
r2,22,0.24726937345092903,0.29466945610027784,0.9845849333258699,0.6300586710457563,0.22962402434233498,-0.20719590161671864,1.0,0.7346640364449164,0.4824628729735052,0.9970923029678253,-0.4470893615825333,0.3908591326339843
r2,23,-0.6378608155494667,-0.5286989238143538,0.8903902314021994,-0.30654241642852287,-0.489709236813763,-0.5612977726104922,1.0,0.47940673262901523,-0.6125844180921565,0.978408983676055,-0.9038401893823917,-0.764333946193761
r2,24,0.4612535854596762,0.2601753774884351,0.9015048771655951,0.33438023286265495,-0.5652042305939666,0.405175211722669,1.0,0.46802538744329136,0.3630065918618217,0.986026607842574,-0.001679617677248002,-0.4062054975977225
r2,25,0.13955643725669742,-0.04992184923202969,0.9031863620476294,0.3695669323076791,-0.5349612404488722,0.00376250555331914,1.0,0.37783055739057136,-0.4013287737017166,0.978668777773964,-0.18978647785393488,-0.5624555083668648
r2,mean,0.23367194680723227,0.18599615988657262,0.9191500058886455,0.34805310750066376,0.0373945420887658,0.08626480743812738,1.0,0.4081606589146159,0.20285084429255765,0.9825292975645684,-0.14000913092715817,-0.06112659231933346
r2,median,0.3222292022037949,0.2601753774884351,0.9327724831031108,0.38902000308644624,0.22313354166953558,0.1567856505642049,1.0,0.47940673262901523,0.30863769345060243,0.9874443679656262,-0.026012328014207275,0.16126591163658743
r2,std,0.30633195863182117,0.2259954997880422,0.04561452786816894,0.22773638418885603,0.5981927413845316,0.2097065202460024,0.0,0.4336585547347315,0.3041062161245447,0.016835464530310908,0.2205045037531351,0.7224670944121866
